도서관명,시도명,시군구명,열람좌석수,자료수
강북문화정보도서관,서울특별시,강북구,282,197717
강북청소년문화정보도서관,서울특별시,강북구,154,41010
솔샘문화정보도서관,서울특별시,강북구,132,53612
송중문화정보도서관,서울특별시,강북구,67,27916
수유문화정보도서관,서울특별시,강북구,152,36361
미아문화정보도서관,서울특별시,강북구,140,35236
삼각산어린이도서관,서울특별시,강북구,182,12284
서초구립반포도서관,서울특별시,서초구,580,145516
서초구립내곡도서관,서울특별시,서초구,190,23450
서이도서관,서울특별시,서초구,100,23059
잠원도서관,서울특별시,서초구,80,16924
방배도서관,서울특별시,서초구,60,9817
서초그림책도서관,서울특별시,서초구,100,8423
다독다독,전라북도,임실군,20,4064
안 전,전라북도,임실군,20,3778
성수골,전라북도,임실군,10,16000
충 경,전라북도,임실군,10,8292
무지개빛,전라북도,임실군,10,8299
필 봉,전라북도,임실군,10,3756
아낌없이 주는나무,전라북도,임실군,10,4335
지사랑,전라북도,임실군,10,3400
전라북도 임실군립도서관,전라북도,임실군,150,42863
금산인삼고을도서관,충청남도,금산군,300,62639
금산기적의도서관,충청남도,금산군,100,48559
추부도서관,충청남도,금산군,100,44252
진산도서관,충청남도,금산군,120,31869
금산작은도서관,충청남도,금산군,20,6847
제원작은도서관,충청남도,금산군,20,6428
군북작은도서관,충청남도,금산군,20,6316
남일작은도서관,충청남도,금산군,20,5374
동구도서관,부산광역시,동구,440,10
도계도서관,강원도,삼척시,180,78310
원덕도서관,강원도,삼척시,75,64517
교육문화관,강원도,삼척시,578,181428
남양작은도서관,강원도,삼척시,20,4805
부산광역시립중앙도서관,부산광역시,중구,883,292285
부산광역시립중앙도서관 수정분관,부산광역시,동구,307,98420
부산영어도서관,부산광역시,부산진구,256,51491
부산광역시립구포도서관,부산광역시,북구,1543,298184
부산광역시립해운대도서관,부산광역시,해운대구,967,208008
부산광역시립해운대도서관 우동분관,부산광역시,해운대구,243,127051
부산광역시립시민도서관,부산광역시,부산진구,2232,743158
부산광역시립부전도서관,부산광역시,부산진구,445,274007
부산광역시립반송도서관,부산광역시,해운대구,339,181584
부산광역시립구덕도서관,부산광역시,서구,290,151158
부산광역시립서동도서관,부산광역시,금정구,245,143500
부산광역시립사하도서관,부산광역시,사하구,332,167486
부산광역시립연산도서관,부산광역시,연제구,330,111378
부산광역시립명장도서관,부산광역시,동래구,281,190661
교문2동작은도서관,경기도,구리시,12,12479
수택1동작은도서관,경기도,구리시,16,11201
인창동작은도서관,경기도,구리시,32,13578
교문도서관,경기도,구리시,458,167982
인창도서관,경기도,구리시,527,230790
토평도서관,경기도,구리시,571,151299
수택작은도서관,경기도,구리시,28,13170
갈매작은도서관,경기도,구리시,36,7317
무안군공공도서관,전라남도,무안군,150,59487
운중도서관,경기도,성남시,143,59125
수정도서관,경기도,성남시,573,321293
중원도서관,경기도,성남시,2000,334102
논골도서관,경기도,성남시,100,15672
판교도서관,경기도,성남시,523,189297
판교어린이도서관,경기도,성남시,406,76699
중원어린이도서관,경기도,성남시,708,115782
해오름도서관,경기도,성남시,717,372493
분당도서관,경기도,성남시,802,321822
구미도서관,경기도,성남시,843,214622
무지개도서관,경기도,성남시,222,34047
중앙도서관,경기도,성남시,2261,376623
동두천시립도서관,경기도,동두천시,362,208818
동두천꿈나무정보도서관,경기도,동두천시,124,137342
도심작은도서관,경기도,동두천시,80,8017
운동장작은도서관,경기도,동두천시,80,12667
군산시립도서관(자료열람실),전라북도,군산시,693,141976
군산시립도서관(학습실),전라북도,군산시,484,0
늘푸른도서관,전라북도,군산시,220,56905
설림도서관,전라북도,군산시,229,39344
임피채만식도서관,전라북도,군산시,80,34997
구암작은도서관,전라북도,군산시,32,20022
미성작은도서관,전라북도,군산시,50,21359
월명작은도서관,전라북도,군산시,63,17081
미룡작은도서관,전라북도,군산시,57,20449
흥남작은도서관,전라북도,군산시,48,19271
나포작은도서관,전라북도,군산시,58,15608
조촌작은도서관,전라북도,군산시,25,13969
나운작은도서관,전라북도,군산시,50,15296
산단작은도서관,전라북도,군산시,46,12761
서수작은도서관,전라북도,군산시,28,8160
옥과공공도서관,전라남도,곡성군,152,52875
생림작은도서관,경상남도,김해시,3,2425
활천행복작은도서관,경상남도,김해시,30,7299
한신책사랑작은도서관,경상남도,김해시,15,6978
한국작은도서관,경상남도,김해시,14,9418
하늘빛작은도서관,경상남도,김해시,32,9028
팔판작은도서관,경상남도,김해시,30,9092
캐슬작은도서관,경상남도,김해시,22,8051
책고래작은도서관,경상남도,김해시,20,12200
진례작은도서관,경상남도,김해시,40,9042
중흥샘이깊은작은도서관,경상남도,김해시,42,5310
주촌디딤돌작은도서관,경상남도,김해시,20,6086
젤미작은도서관,경상남도,김해시,25,13909
장유대우작은도서관,경상남도,김해시,30,16825
일동한신꿈나무작은도서관,경상남도,김해시,20,6294
이안나누리작은도서관,경상남도,김해시,30,7937
율하e편한작은도서관,경상남도,김해시,17,7468
월산주공작은도서관,경상남도,김해시,30,12900
우리작은도서관,경상남도,김해시,17,9913
시호미래작은도서관,경상남도,김해시,16,8750
소리작은도서관,경상남도,김해시,18,7408
석봉마을작은도서관,경상남도,김해시,30,5524
생각이크는작은도서관,경상남도,김해시,16,8634
삼계푸르지오작은도서관,경상남도,김해시,50,11674
삼계로얄작은도서관,경상남도,김해시,15,10246
불암동작은도서관,경상남도,김해시,24,10574
분성아이파크작은도서관,경상남도,김해시,15,7815
리첼작은도서관,경상남도,김해시,30,7510
뜨란채작은도서관,경상남도,김해시,20,8282
떡갈나무숲작은도서관,경상남도,김해시,16,6150
덕산작은도서관,경상남도,김해시,30,11291
대포천작은도서관,경상남도,김해시,20,9358
대동한마음작은도서관,경상남도,김해시,30,12408
대동푸른뜰작은도서관,경상남도,김해시,16,6729
내외작은도서관,경상남도,김해시,22,8061
김해글로벗도서관,경상남도,김해시,18,7926
글혜윰작은도서관,경상남도,김해시,28,9927
U보라작은도서관,경상남도,김해시,27,6359
진영한빛도서관,경상남도,김해시,262,122206
김해기적의도서관,경상남도,김해시,300,55454
장유도서관,경상남도,김해시,376,194346
화정글샘도서관,경상남도,김해시,545,135347
칠암도서관,경상남도,김해시,1070,179861
김해율하도서관,경상남도,김해시,0,25305
공군제8249부대작은도서관,경기도,군포시,20,5848
군포경찰서작은도서관,경기도,군포시,6,1536
군포새마을문고,경기도,군포시,20,3100
궁내동작은도서관,경기도,군포시,10,5654
그리심작은도서관,경기도,군포시,62,1052
금정작은도서관,경기도,군포시,27,9085
꿈드림작은도서관,경기도,군포시,12,3811
꿈마을작은도서관,경기도,군포시,40,4930
꿈을노래하는작은도서관,경기도,군포시,16,1907
꿈쟁이도서관,경기도,군포시,48,9794
노루목작은도서관,경기도,군포시,46,5345
농심작은도서관,경기도,군포시,6,4700
누림과나눔작은도서관,경기도,군포시,12,3080
느티나무작은도서관,경기도,군포시,40,4107
당동도서관,경기도,군포시,400,134755
당정동벤티움작은도서관,경기도,군포시,0,1887
당정문화도서관,경기도,군포시,97,42409
대야도서관,경기도,군포시,249,125588
동화나무도서관,경기도,군포시,40,16645
밥상머리북카페,경기도,군포시,70,16246
버드나무에부는바람,경기도,군포시,40,6299
부곡도서관,경기도,군포시,350,77165
북카페사랑아이엔지,경기도,군포시,72,7329
쁘레네 작은도서관별찌,경기도,군포시,15,2602
사랑이꽃피는작은도서관,경기도,군포시,20,3236
사랑이있는작은도서관,경기도,군포시,40,3841
산본도서관,경기도,군포시,692,259500
삼성마을5단지작은도서관,경기도,군포시,37,3498
새봄작은도서관,경기도,군포시,30,1878
샤론작은도서관,경기도,군포시,40,3498
숲속작은도서관,경기도,군포시,25,4519
신산본자이2차아파트문고,경기도,군포시,16,1896
어린이도서관,경기도,군포시,211,133511
우리마을도서관,경기도,군포시,35,5339
율곡마을작은도서관,경기도,군포시,15,4566
재궁꿈나무도서관,경기도,군포시,50,14106
주품북까페,경기도,군포시,60,2327
중앙도서관,경기도,군포시,909,386772
책놀이터작은도서관,경기도,군포시,22,5301
큰꿈작은도서관,경기도,군포시,25,4241
큰나무작은도서관,경기도,군포시,25,1590
테바작은도서관,경기도,군포시,24,1865
토리작은도서관,경기도,군포시,27,3722
하늘정원작은도서관,경기도,군포시,29,2992
해오름문고,경기도,군포시,20,2530
산본녹색작은도서관,경기도,군포시,26,1599
한솔동도서관,세종특별자치시,세종특별자치시,75,19102
도담동도서관,세종특별자치시,세종특별자치시,162,26375
아름동도서관,세종특별자치시,세종특별자치시,174,40211
종촌동도서관,세종특별자치시,세종특별자치시,222,37629
고운동도서관,세종특별자치시,세종특별자치시,220,23262
보람동도서관,세종특별자치시,세종특별자치시,240,25618
대평동도서관,세종특별자치시,세종특별자치시,230,13902
새롬동도서관,세종특별자치시,세종특별자치시,210,10566
남원시립도서관,전라북도,남원시,180,63635
주천공공도서관,강원도,영월군,17,24210
옥천군민도서관,충청북도,옥천군,102,59755
용답동어린이작은도서관,서울특별시,성동구,20,6152
송정동늘푸른작은도서관,서울특별시,성동구,6,5713
성수2가제3동작은도서관,서울특별시,성동구,14,10968
성수2가제1동어린이작은도서관,서울특별시,성동구,30,7656
성수1가제2동어린이작은도서관,서울특별시,성동구,16,3602
성수1가제1동작은도서관,서울특별시,성동구,20,7706
옥수동북카페,서울특별시,성동구,5,3861
금호4가동어린이작은도서관,서울특별시,성동구,20,7303
"금호2,3가동어린이작은도서관",서울특별시,성동구,15,8793
금호1가동우리동네북카페책단지꿀단지,서울특별시,성동구,28,4284
응봉동어린이작은도서관,서울특별시,성동구,18,6378
행당제2동어린이작은도서관,서울특별시,성동구,40,11759
사근동어린이놀이터도서관,서울특별시,성동구,20,4963
마장동작은도서관,서울특별시,성동구,20,4989
왕십리제2동작은도서관,서울특별시,성동구,7,3292
왕십리도선동희망문고,서울특별시,성동구,35,6626
성동구립청계도서관,서울특별시,성동구,285,40836
성동구립성수도서관,서울특별시,성동구,214,46378
성동구립무지개도서관,서울특별시,성동구,130,52261
성동구립용답도서관,서울특별시,성동구,250,93559
성동구립금호도서관,서울특별시,성동구,204,104789
성동구립도서관,서울특별시,성동구,702,243148
성동자활센터푸른하늘공부방청소년작은도서관,서울특별시,성동구,30,1803
원통도서관,강원도,인제군,104,25697
기린도서관,강원도,인제군,54,19139
서화도서관,강원도,인제군,54,17081
도림동공립작은도서관,서울특별시,영등포구,30,10185
당산2동공립작은도서관,서울특별시,영등포구,10,5959
당산1동공립작은도서관,서울특별시,영등포구,22,7103
여의동공립작은도서관,서울특별시,영등포구,20,8271
영등포동공립작은도서관,서울특별시,영등포구,30,13219
신길2동(분소)공립작은도서관,서울특별시,영등포구,8,13197
영등포본동공립작은도서관,서울특별시,영등포구,8,8088
영등포구지부공립작은도서관,서울특별시,영등포구,46,13002
여의디지털도서관,서울특별시,영등포구,70,5424
선유정보문화도서관,서울특별시,영등포구,204,59515
문래정보문화도서관,서울특별시,영등포구,225,54840
대림정보문화도서관,서울특별시,영등포구,188,60991
목화마을공립작은도서관,서울특별시,영등포구,24,6134
대림3동공립작은도서관,서울특별시,영등포구,19,12531
대림2동공립작은도서관,서울특별시,영등포구,16,9992
대림1동공립작은도서관,서울특별시,영등포구,24,13018
신길7동공립작은도서관,서울특별시,영등포구,18,5355
신길6동공립작은도서관,서울특별시,영등포구,30,13545
신길5동공립작은도서관,서울특별시,영등포구,14,11015
신길4동공립작은도서관,서울특별시,영등포구,10,8221
신길3동공립작은도서관,서울특별시,영등포구,12,6759
신길1동공립작은도서관,서울특별시,영등포구,25,16897
양평2동공립작은도서관,서울특별시,영등포구,6,5759
양평1동공립작은도서관,서울특별시,영등포구,8,6722
문래동공립작은도서관,서울특별시,영등포구,50,10400
도봉어린이문화정보도서관(디지털자료실),서울특별시,서울특별시 도봉구,8,0
"도봉어린이문화정보센터(자료열람실, 잉글리시 아일랜드)",서울특별시,서울특별시 도봉구,67,44653
학마을도서관 (종합자료실),서울특별시,서울특별시 도봉구,36,35288
학마을도서관 (어린이 자료실),서울특별시,서울특별시 도봉구,0,21390
방학동영유아플라자,서울특별시,서울특별시 도봉구,0,13343
창동영유아플라자,서울특별시,서울특별시 도봉구,0,4564
무수골 도서관,서울특별시,서울특별시 도봉구,12,30899
방학1동 공립 작은도서관,서울특별시,서울특별시 도봉구,13,13315
방학2동 공립 작은도서관,서울특별시,서울특별시 도봉구,6,14296
방학3동 공립 작은도서관,서울특별시,서울특별시 도봉구,26,24288
도봉1동 공립 작은도서관,서울특별시,서울특별시 도봉구,2,15170
도봉2동 공립 작은도서관,서울특별시,서울특별시 도봉구,12,14165
쌍문1동 공립 작은도서관,서울특별시,서울특별시 도봉구,6,14542
쌍문2동 공립 작은도서관,서울특별시,서울특별시 도봉구,12,17619
쌍문3동 공립 작은도서관,서울특별시,서울특별시 도봉구,10,20223
쌍문4동 공립 작은도서관,서울특별시,서울특별시 도봉구,18,12874
창1동 공립 작은도서관,서울특별시,서울특별시 도봉구,12,14837
창2동 공립 작은도서관,서울특별시,서울특별시 도봉구,2,13212
창3동 공립 작은도서관,서울특별시,서울특별시 도봉구,16,10908
창4동 공립 작은도서관,서울특별시,서울특별시 도봉구,0,14498
창5동 공립 작은도서관,서울특별시,서울특별시 도봉구,42,20054
북서울중학교 도서관,서울특별시,서울특별시 도봉구,0,28525
창북중학교 도서관,서울특별시,서울특별시 도봉구,0,26177
도봉구청사 행복작은도서관,서울특별시,서울특별시 도봉구,21,30132
서울특별시교육청도봉도서관(종합자료실),서울특별시,서울특별시 도봉구,78,161247
서울특별시교육청도봉도서관(어린이자료실),서울특별시,서울특별시 도봉구,61,56836
서울특별시교육청도봉도서관(디지털자료실),서울특별시,서울특별시 도봉구,56,0
도봉문화정보도서관(종합자료실),서울특별시,서울특별시 도봉구,80,45000
도봉문화정보도서관(어린이열람실),서울특별시,서울특별시 도봉구,48,26000
도봉어린이문화정보도서관(영 유아),서울특별시,서울특별시 도봉구,50,20095
도봉 기적의 도서관,서울특별시,서울특별시 도봉구,0,20676
영암도서관,전라남도,영암군,387,93000
삼호도서관,전라남도,영암군,387,93000
울산중부도서관,울산광역시,중구,342,274820
울산남부도서관,울산광역시,남구,1405,317446
울산동부도서관,울산광역시,동구,683,249530
울주도서관,울산광역시,울주군,500,224969
신탄진평생학습도서관,대전광역시,대덕구,1200,148476
안산평생학습도서관,대전광역시,대덕구,650,149282
송촌평생학습도서관,대전광역시,대덕구,530,74493
해남군립도서관,전라남도,해남군,372,119717
달성군립도서관,대구광역시,달성군,202,54718
화원읍작은도서관,대구광역시,달성군,70,18846
논공읍작은도서관,대구광역시,달성군,25,10246
다사읍서재작은도서관,대구광역시,달성군,54,15173
가창면참꽃작은도서관,대구광역시,달성군,32,12369
하빈면작은도서관,대구광역시,달성군,61,8500
옥포면작은도서관,대구광역시,달성군,43,8403
유가면작은도서관,대구광역시,달성군,51,9031
구지면작은도서관,대구광역시,달성군,30,9635
다사읍작은도서관,대구광역시,달성군,64,12225
청소년센터 작은도서관,대구광역시,달성군,67,17150
달성군청도서관,대구광역시,달성군,72,30883
동래읍성도서관,부산광역시,동래구,196,37606
안락누리도서관,부산광역시,동래구,200,32182
의령도서관,경상남도,의령군,267,104162
남해화전도서관,경상남도,남해군,170,59975
가평설악도서관,경기도,가평군,97,74600
가평청평도서관,경기도,가평군,207,65847
가평조종도서관,경기도,가평군,150,81102
가평한석봉도서관,경기도,가평군,547,157296
장성군립중앙도서관,전라남도,장성군,185,117652
장성군립삼계도서관,전라남도,장성군,145,25262
장성군립북이도서관,전라남도,장성군,70,18923
평촌도서관,경기도,안양시 동안구,834,212202
비산도서관,경기도,안양시 동안구,724,85426
호계도서관,경기도,안양시 동안구,642,170320
어린이도서관,경기도,안양시 동안구,770,97136
벌말도서관,경기도,안양시 동안구,130,45852
관양도서관,경기도,안양시 동안구,640,54177
한라도서관,제주특별자치도,제주시,332,254262
우당도서관,제주특별자치도,제주시,1290,251541
제주시기적의도서관,제주특별자치도,제주시,150,56383
조천읍도서관,제주특별자치도,제주시,160,61743
탐라도서관,제주특별자치도,제주시,1280,181584
애월도서관,제주특별자치도,제주시,155,78458
한경도서관,제주특별자치도,제주시,124,551890
서귀포시삼매봉도서관,제주특별자치도,서귀포시,263,100742
서귀포시중앙도서관,제주특별자치도,서귀포시,860,96278
서귀포시동부도서관,제주특별자치도,서귀포시,208,66333
서귀포시서부도서관,제주특별자치도,서귀포시,242,57081
서귀포기적의도서관,제주특별자치도,서귀포시,280,62966
안덕산방도서관,제주특별자치도,서귀포시,150,65315
표선도서관,제주특별자치도,서귀포시,154,69234
성산일출도서관,제주특별자치도,서귀포시,190,81045
제주도서관,제주특별자치도,제주시,515,255524
서귀포학생문화원도서관,제주특별자치도,서귀포시,432,200624
한수풀도서관,제주특별자치도,서귀포시,181,113961
동녘도서관,제주특별자치도,서귀포시,157,88776
송악도서관,제주특별자치도,서귀포시,174,104966
제남도서관,제주특별자치도,서귀포시,176,109802
양구교육도서관,강원도,양구군,68,92959
의창도서관,경상남도,창원시,718,306614
고향의봄도서관,경상남도,창원시,496,140738
명곡도서관,경상남도,창원시,700,60741
성산도서관,경상남도,창원시,573,87208
상남도서관,경상남도,창원시,513,149914
마산합포도서관,경상남도,창원시,582,176763
마산회원도서관,경상남도,창원시 마산회원구,404,175854
내서도서관,경상남도,창원시 마산회원구,222,121845
중리초등복합시설도서관,경상남도,창원시 마산회원구,200,63110
진해도서관,경상남도,창원시,431,180597
동부도서관,경상남도,창원시,459,117081
동읍평생교육센터,경상남도,창원시,30,18528
대산평생교육센터,경상남도,창원시,82,13306
소계평생교육센터,경상남도,창원시,14,15067
의창평생교육센터,경상남도,창원시,34,16480
천주평생교육센터,경상남도,창원시,30,14247
대원평생교육센터,경상남도,창원시,33,16210
팔룡평생교육센터,경상남도,창원시,13,12311
명곡평생교육센터,경상남도,창원시,20,13911
명서1평생교육센터,경상남도,창원시,30,15000
명서2평생교육센터,경상남도,창원시,30,16224
봉곡평생교육센터,경상남도,창원시,38,16041
봉림평생교육센터,경상남도,창원시,30,7278
사림평생교육센터,경상남도,창원시,45,16400
신월평생교육센터,경상남도,창원시,30,15111
용지평생교육센터,경상남도,창원시,50,17527
반지평생교육센터,경상남도,창원시,20,18879
내동평생교육센터,경상남도,창원시,20,17086
중앙평생교육센터,경상남도,창원시,15,15308
상남평생교육센터,경상남도,창원시,12,14122
대방평생교육센터,경상남도,창원시,26,16155
사파평생교육센터,경상남도,창원시,27,16758
가음정평생교육센터,경상남도,창원시,51,20834
남산평생교육센터,경상남도,창원시,20,19528
남양평생교육센터,경상남도,창원시,36,15591
성주평생교육센터,경상남도,창원시,36,21982
웅남평생교육센터,경상남도,창원시,25,21186
용잠마을도서관,경상남도,창원시,18,13817
자여마을도서관,경상남도,창원시,22,14661
반딧불이도서관,경상남도,창원시,30,12141
봉림작은도서관,경상남도,창원시,23,16312
반림마을도서관,경상남도,창원시,24,15884
늘푸른도서관,경상남도,창원시,20,13300
대동디지털마을도서관,경상남도,창원시,18,13540
사파동성마을작은도서관,경상남도,창원시,24,14924
안민마을도서관,경상남도,창원시,14,12290
안민청솔마을도서관,경상남도,창원시,28,15050
반월작은도서관,경상남도,창원시,63,11925
부림희망작은도서관,경상남도,창원시,24,6577
무학산블루밍작은도서관,경상남도,창원시,24,6809
상곡어울림작은도서관,경상남도,창원시,18,9298
합성가고파작은도서관,경상남도,창원시,35,8795
봉암동작은도서관,경상남도,창원시,21,8615
위드파크환경도서관,경상남도,창원시,45,11098
숲속마을도서관,경상남도,창원시,30,14149
이미지작은도서관,경상남도,창원시,16,17479
책사랑내서마을도서관,경상남도,창원시,40,21335
하늘채문화의집,경상남도,창원시,20,17320
내서읍새마을문고,경상남도,창원시,10,9370
회원1동새마을문고,경상남도,창원시,18,5960
석전동새마을문고,경상남도,창원시,22,9669
회성동새마을문고,경상남도,창원시,20,7051
양덕1동새마을문고,경상남도,창원시,6,7642
양덕2동새마을문고,경상남도,창원시,20,11180
합성2동새마을문고,경상남도,창원시,20,8209
구암1동새마을문고,경상남도,창원시,16,7118
구암2동새마을문고,경상남도,창원시,40,11418
대동다숲새마을문고,경상남도,창원시,15,7499
우성아파트새마을문고,경상남도,창원시,20,8100
한림리츠빌새마을문고,경상남도,창원시,12,7800
의정부과학도서관,경기도,의정부시,495,17267
의정부정보도서관,경기도,의정부시,587,16106
의정부어린이도서관,경기도,의정부시,189,15608
의정부가재울도서관,경기도,의정부시,240,23491
의정부1동 작은도서관,경기도,의정부시,29,14174
의정부2동 작은도서관,경기도,의정부시,15,16195
의정부3동 작은도서관,경기도,의정부시,13,11954
호원1동 작은도서관,경기도,의정부시,20,7623
장암동 작은도서관,경기도,의정부시,15,15309
신곡1동 작은도서관,경기도,의정부시,36,5589
신곡2동 작은도서관,경기도,의정부시,8,198306
송산1동 작은도서관,경기도,의정부시,36,194416
송산2동 작은도서관,경기도,의정부시,6,99328
자금동 작은도서관,경기도,의정부시,25,17775
가능1동 작은도서관,경기도,의정부시,36,15606
흥선동 작은도서관,경기도,의정부시,20,12566
녹양동 작은도서관,경기도,의정부시,17,12185
희망 Library Center,경기도,의정부시,16,15795
서산시립도서관,충청남도,서산시,482,261157
서산시립대산도서관,충청남도,서산시,132,95102
서산어린이도서관,충청남도,서산시,245,31195
인지작은도서관,충청남도,서산시,20,10965
부석작은도서관,충청남도,서산시,37,11929
고북작은도서관,충청남도,서산시,30,14541
안심도서관,대구광역시,동구,215,70805
신천도서관,대구광역시,동구,65,13418
신암2동작은도서관,대구광역시,동구,40,9459
신암3동작은도서관,대구광역시,동구,22,3072
신천3동 작은도서관,대구광역시,동구,40,5280
신천4동 작은도서관,대구광역시,동구,12,2103
효목1동 작은도서관,대구광역시,동구,12,2196
효목2동 작은도서관,대구광역시,동구,45,4244
도평동 작은도서관,대구광역시,동구,30,4451
불로어울림 작은도서관,대구광역시,동구,35,4071
지저동 작은도서관,대구광역시,동구,30,5459
동촌역사 작은도서관,대구광역시,동구,30,3404
해안동 작은도서관,대구광역시,동구,30,4011
반야월역사 작은도서관,대구광역시,동구,17,6152
동구청 작은도서관,대구광역시,동구,11,9795
이진아기념도서관,서울특별시,서대문구,238,155957
남가좌새롬어린이도서관,서울특별시,서대문구,75,59909
홍은도담도서관,서울특별시,서대문구,65,45626
알음알음작은도서관,서울특별시,서대문구,30,14567
하늘샘작은도서관,서울특별시,서대문구,18,6551
북아현마을 북카페,서울특별시,서대문구,35,7240
아이누리작은도서관,서울특별시,서대문구,39,12907
햇살작은도서관,서울특별시,서대문구,25,13739
행복작은도서관,서울특별시,서대문구,25,8396
새싹작은도서관,서울특별시,서대문구,40,14236
꿈이있는작은도서관,서울특별시,서대문구,26,7910
문화촌어린이도서관,서울특별시,서대문구,35,8469
파랑새작은도서관,서울특별시,서대문구,48,7686
늘푸른열린작은도서관,서울특별시,서대문구,23,6003
가슴따뜻한작은도서관,서울특별시,서대문구,18,5311
이팝꽃향기작은도서관,서울특별시,서대문구,6,2016
안성시립중앙도서관,경기도,안성시,206,336629
안성시립공도도서관,경기도,안성시,135,119726
안성시립보개도서관,경기도,안성시,83,68150
안성시립진사도서관,경기도,안성시,125,62920
안성시립일죽도서관,경기도,안성시,21,32685
풍림작은도서관,경기도,안성시,26,22126
송정작은도서관,경기도,안성시,16,16223
태산작은도서관,경기도,안성시,13,14892
부영작은도서관,경기도,안성시,9,13735
죽산작은도서관,경기도,안성시,28,23919
삼죽작은도서관,경기도,안성시,42,19185
대림동산작은도서관,경기도,안성시,10,2921
목포공공도서관,전라남도,목포시,1600,326502
부안군립도서관,전라북도,부안군,300,63177
삼매봉도서관,제주특별자치도,서귀포시,216,105664
중앙도서관,제주특별자치도,서귀포시,606,102516
동부도서관,제주특별자치도,서귀포시,183,70450
서부도서관,제주특별자치도,서귀포시,202,61454
기적의도서관,제주특별자치도,서귀포시,280,67160
안덕산방도서관,제주특별자치도,서귀포시,150,67393
표선도서관,제주특별자치도,서귀포시,126,72755
성산일출도서관,제주특별자치도,서귀포시,120,84761
보목꿈터,제주특별자치도,서귀포시,28,13917
상창바람소리,제주특별자치도,서귀포시,20,7374
삼달리,제주특별자치도,서귀포시,20,3296
동광해바른,제주특별자치도,서귀포시,40,6233
(세화2리)갯머리,제주특별자치도,서귀포시,50,4334
(신례1리)예촌,제주특별자치도,서귀포시,29,5738
(중앙동)중앙꿈쟁이,제주특별자치도,서귀포시,50,9784
(온평리)열운이,제주특별자치도,서귀포시,22,3389
(토산1리)웃토산,제주특별자치도,서귀포시,20,6500
(동홍동)퐁낭,제주특별자치도,서귀포시,43,4023
용흥,제주특별자치도,서귀포시,25,2000
연무도서관,충청남도,논산시,204,65535
연무도서관,충청남도,논산시,204,65535
강경도서관,충청남도,논산시,46,81407
강경도서관,충청남도,논산시,46,81407
광석빛돌작은도서관,충청남도,논산시,32,3350
상월주민자치도서관,충청남도,논산시,44,4000
은진면작은도서관,충청남도,논산시,8,427
문학마을작은도서관,대전광역시,유성구,60,7250
별똥별과학도서관,대전광역시,유성구,20,10024
영어마을도서관,대전광역시,유성구,20,17692
송강마을작은도서관,대전광역시,유성구,20,15774
신성마을작은도서관,대전광역시,유성구,20,17374
희망마을작은도서관,대전광역시,유성구,20,12780
자운마을작은도서관,대전광역시,유성구,20,11247
온천마을작은도서관,대전광역시,유성구,20,15975
동화마을작은도서관,대전광역시,유성구,20,25752
관평도서관,대전광역시,유성구,68,24435
구암도서관,대전광역시,유성구,138,39023
구즉도서관,대전광역시,유성구,271,94977
진잠도서관,대전광역시,유성구,117,69069
유성도서관,대전광역시,유성구,565,146053
노은도서관,대전광역시,유성구,212,75383
꿈나래어린이도서관,인천광역시,중구,60,11378
단비도서관,인천광역시,중구,28,5158
현안작은도서관,인천광역시,중구,40,2500
휘란작은도서관,인천광역시,중구,60,6400
글마루작은도서관,인천광역시,중구,50,2100
꿈벗도서관,인천광역시,중구,86,29725
동인천동작은도서관,인천광역시,중구,12,3359
용유동작은도서관,인천광역시,중구,6,4032
희망을주는도서관,인천광역시,중구,27,2500
하늘꿈작은도서관,인천광역시,중구,25,2530
개항장 마을문고 한중도서관,인천광역시,중구,30,5450
영온 도서관,인천광역시,중구,6,1000
하늘꿈 도서관,인천광역시,중구,22,2000
용유중앙도서관,인천광역시,중구,13,1122
강북문화정보도서관,서울특별시,강북구,282,197717
강북청소년문화정보도서관,서울특별시,강북구,154,41010
솔샘문화정보도서관,서울특별시,강북구,132,53612
송중문화정보도서관,서울특별시,강북구,67,27916
수유문화정보도서관,서울특별시,강북구,152,36361
미아문화정보도서관,서울특별시,강북구,140,35236
삼각산어린이도서관,서울특별시,강북구,182,12284
가람작은도서관,서울특별시,강서구,48,3835
초록동작은도서관,서울특별시,강서구,60,3234
꿈자람책놀이터,서울특별시,강서구,30,11301
해뜰 작은도서관,서울특별시,강서구,36,6898
옹기종기 작은도서관,서울특별시,강서구,33,5876
수명산 작은도서관,서울특별시,강서구,60,7903
방그리나 작은도서관,서울특별시,강서구,34,3995
채움 작은도서관,서울특별시,강서구,30,6365
글벗누리 작은도서관,서울특별시,강서구,46,8883
송정 작은도서관,서울특별시,강서구,30,6165
책향기 작은도서관,서울특별시,강서구,48,9829
도리샘 작은도서관,서울특별시,강서구,20,5828
구암마을 작은도서관,서울특별시,강서구,35,7609
도란도란쉼터 작은도서관,서울특별시,강서구,60,9409
내발산 작은도서관,서울특별시,강서구,35,8785
배다리 작은도서관,서울특별시,강서구,45,8262
역마을 작은도서관,서울특별시,강서구,60,5155
볏고을 작은도서관,서울특별시,강서구,20,6733
책마루 작은도서관,서울특별시,강서구,50,8070
옹달샘 작은도서관,서울특별시,강서구,30,5965
꿈터 작은도서관,서울특별시,강서구,30,7673
초록향기 작은도서관,서울특별시,강서구,28,6758
큰마음 작은도서관,서울특별시,강서구,30,6050
등마루골 작은도서관,서울특별시,강서구,56,6541
생각열매 작은도서관,서울특별시,강서구,16,7240
아리향기 작은도서관,서울특별시,강서구,40,7822
가양도서관,서울특별시,강서구,411,25528
꿈꾸는어린이도서관,서울특별시,강서구,271,59208
우장산숲속도서관,서울특별시,강서구,166,58584
길꽃어린이도서관,서울특별시,강서구,200,57100
푸른들청소년도서관,서울특별시,강서구,103,54108
강서영어도서관,서울특별시,강서구,177,28229
곰달래도서관,서울특별시,강서구,70,39839
등빛도서관,서울특별시,강서구,386,58359
경상북도교육청 봉화도서관,경상북도,봉화군,300,68427
거제시립장평도서관,경상남도,거제시,305,54538
거제시립옥포도서관,경상남도,거제시,198,55381
거제시립장승포도서관,경상남도,거제시,164,66672
거제시립수양도서관,경상남도,거제시,250,32989
거제시립하청도서관,경상남도,거제시,170,21240
참새미작은도서관,경상남도,거제시,16,6151
글밭작은도서관,경상남도,거제시,23,7144
남부면작은도서관,경상남도,거제시,10,12311
대아푸른솔작은도서관,경상남도,거제시,40,5000
덕산아내프리미엄아파트 작은도서관,경상남도,거제시,34,9653
모오리돌작은도서관,경상남도,거제시,60,15045
바람의언덕작은도서관,경상남도,거제시,8,10000
새마을문고작은도서관,경상남도,거제시,20,5000
성은작은도서관,경상남도,거제시,6,1002
옥포작은도서관,경상남도,거제시,15,32998
푸른숲작은도서관,경상남도,거제시,80,17271
파라미타작은도서관,경상남도,거제시,12,1200
힐나눔작은도서관,경상남도,거제시,30,1500
덕산아내프리미엄2차아파트작은도서관,경상남도,거제시,16,3178
벽산3차새마을작은도서관,경상남도,거제시,38,3071
벽산-e솔렌스힐2차작은도서관,경상남도,거제시,24,3000
국제작은도서관,경상남도,거제시,40,2000
참좋은작은도서관,경상남도,거제시,28,2500
e편한세상옥포아파트작은도서관,경상남도,거제시,12,1434
꽃바위작은도서관,울산광역시,동구,25,22382
화정작은도서관,울산광역시,동구,20,16883
전하작은도서관,울산광역시,동구,34,20314
남목작은도서관,울산광역시,동구,27,17999
동부도서관,울산광역시,동구,1002,248735
전라남도학생교육문화회관,전라남도,여수시,296,182849
수성구립범어도서관,대구광역시,수성구,510,168833
수성구립용학도서관,대구광역시,수성구,410,126677
수성구립책숲길도서관,대구광역시,수성구,77,28767
수성구립물망이도서관,대구광역시,수성구,39,27235
수성구립파동도서관,대구광역시,수성구,85,19500
수성구립고산도서관,대구광역시,수성구,315,79187
수성구립고산어린이도서관,대구광역시,수성구,75,28277
수성구립사월역작은도서관,대구광역시,수성구,21,5839
거창군립한마음도서관,경상남도,거창군,404,108633
장항공공도서관,충청남도,서천군,90,69718
장덕도서관,광주광역시,광산구,581,45792
이야기꽃도서관,광주광역시,광산구,500,28734
첨단도서관,광주광역시,광산구,389,48769
신가도서관,광주광역시,광산구,254,51986
운남어린이도서관,광주광역시,광산구,54,42202
우정혁신LH2차책사랑,울산광역시,중구,12,1300
책나무그늘도서관,울산광역시,중구,6,1098
해송작은도서관,울산광역시,중구,15,2519
에뜰3차아름도서관,울산광역시,중구,20,1215
우정아이파크작은도서관,울산광역시,중구,42,2000
솔로몬도서관,울산광역시,중구,18,1300
단장골북카페,울산광역시,중구,20,5527
신월도서관,울산광역시,중구,12,4348
다난작은도서관,울산광역시,중구,10,2727
우암작은도서관,울산광역시,중구,35,3334
학성작은도서관,울산광역시,중구,16,4027
세린작은도서관,울산광역시,중구,120,28278
꿈틀꿈틀작은도서관,울산광역시,중구,30,2700
유곡푸르지오책마루도서관,울산광역시,중구,32,3891
책의숲,울산광역시,중구,20,5688
페다고지,울산광역시,중구,30,3031
어깨동무도서관,울산광역시,중구,10,3600
작은도서관 책마을,울산광역시,중구,50,14340
에일린의뜰문고,울산광역시,중구,20,2700
남외푸르지오문고,울산광역시,중구,20,6853
꿈나무어린이문고,울산광역시,중구,20,1500
옥골샘도서관,울산광역시,중구,25,8510
태화루도서관,울산광역시,중구,33,9480
함월도서관,울산광역시,중구,71,13705
약숫골도서관,울산광역시,중구,191,22901
작은도서관 그늘,울산광역시,남구,20,2000
꿈꾸는 고래 도서관,울산광역시,남구,40,1200
대공원대명루첸아파트 작은도서관,울산광역시,남구,34,1200
옹달샘 작은도서관,울산광역시,남구,6,1200
무거위브자이작은도서관,울산광역시,남구,18,4000
굴화 작은도서관,울산광역시,남구,29,5409
옥현으뜸마을 작은도서관,울산광역시,남구,26,8498
드림작은도서관,울산광역시,남구,20,2474
푸른도서관,울산광역시,남구,20,5469
신선산휴먼빌도서관,울산광역시,남구,15,4202
미소나눔도서관,울산광역시,남구,40,9667
야음롯데캐슬문고,울산광역시,남구,20,3522
마이코즈문고,울산광역시,남구,40,2164
옥현주공1단지 책마루,울산광역시,남구,10,7537
울산감리교회문고,울산광역시,남구,20,1800
옥현주공2단지문고,울산광역시,남구,21,10171
소풍 작은도서관,울산광역시,남구,26,15987
다독다독 작은도서관,울산광역시,남구,40,2718
아이파크2 작은도서관,울산광역시,남구,12,2600
아이파크1 작은도서관,울산광역시,남구,63,5000
삼호 작은도서관,울산광역시,남구,40,12932
달동 마을문고,울산광역시,남구,6,7435
대현동 마을문고,울산광역시,남구,9,11559
선암동 마을문고,울산광역시,남구,50,9807
삼산동 마을문고,울산광역시,남구,8,10675
신정4동 마을문고,울산광역시,남구,12,10972
무거동 마을문고,울산광역시,남구,24,16244
신정3동 마을문고,울산광역시,남구,8,11820
신정2동 마을문고,울산광역시,남구,30,7886
수암동 마을문고,울산광역시,남구,12,9080
남부도서관,울산광역시,남구,944,308814
월봉도서관,울산광역시,남구,66,19680
옥현어린이도서관,울산광역시,남구,113,23365
신복도서관,울산광역시,남구,210,42069
도산도서관,울산광역시,남구,189,58901
꽃바위작은도서관,울산광역시,동구,25,23692
화정작은도서관,울산광역시,동구,20,18246
전하작은도서관,울산광역시,동구,34,22140
남목작은도서관,울산광역시,동구,27,19327
동부도서관,울산광역시,동구,1002,248735
중앙도서관,울산광역시,북구,447,122263
기적의도서관,울산광역시,북구,172,54316
농소1동도서관,울산광역시,북구,188,47923
농소3동도서관,울산광역시,북구,256,50141
염포양정도서관,울산광역시,북구,160,50325
명촌어린이도서관,울산광역시,북구,136,23864
울주옹기종기도서관,울산광역시,울주군,168,99687
울주선바위도서관,울산광역시,울주군,418,109320
울주도서관,울산광역시,울주군,653,221421
한누리작은도서관,울산광역시,울주군,10,4279
은행나무작은도서관,울산광역시,울주군,37,14353
동백작은도서관,울산광역시,울주군,16,13594
대덕도서관,울산광역시,울주군,63,21130
읍성작은도서관,울산광역시,울주군,26,3770
느티나무작은도서관,울산광역시,울주군,16,4661
작천정작은도서관,울산광역시,울주군,28,3137
가지산작은도서관,울산광역시,울주군,10,6702
웅촌작은도서관,울산광역시,울주군,6,6350
늘푸름작은도서관,울산광역시,울주군,16,6208
해오름작은도서관,울산광역시,울주군,15,7520
범서작은도서관,울산광역시,울주군,12,4019
온양작은도서관,울산광역시,울주군,38,5686
책마을작은도서관,울산광역시,울주군,30,2890
글마루 작은도서관,부산광역시,부산중구,50,12715
보수동책방골목어린이도서관,부산광역시,부산중구,40,7523
?다작은도서관,부산광역시,부산중구,50,6487
책갈피작은도서관,부산광역시,부산중구,24,12869
산리작은도서관,부산광역시,부산중구,12,2943
민들레작은도서관,부산광역시,부산중구,70,3723
사당솔밭도서관,서울특별시,동작구,280,43506
상도국주도서관,서울특별시,동작구,100,42565
동작어린이도서관,서울특별시,동작구,130,37857
대방어린이도서관,서울특별시,동작구,50,19511
동작샘터도서관,서울특별시,동작구,50,20950
본도작은도서관,서울특별시,동작구,30,8298
약수작은도서관,서울특별시,동작구,47,17265
국사봉숲속작은도서관,서울특별시,동작구,10,2200
나주공공도서관,전라남도,나주시,1300,316777
나주공공도서관,전라남도,나주시,1300,316777
사북공공도서관,강원도,정선군,213,62064
강릉시립중앙도서관,강원도,강릉시,464,321420
행복한모루도서관,강원도,강릉시,647,167982
솔올꿈나무작은도서관,강원도,강릉시,30,12589
성덕반딧불작은도서관,강원도,강릉시,49,23208
LOHAS강릉작은도서관,강원도,강릉시,64,15462
어울림작은도서관,강원도,강릉시,103,14879
문화작은도서관,강원도,강릉시,118,21677
남산작은도서관,강원도,강릉시,29,11471
강릉관아작은도서관,강원도,강릉시,20,6540
옥거리작은도서관,강원도,강릉시,32,18347
초당작은도서관,강원도,강릉시,56,12436
월대산작은도서관,강원도,강릉시,61,11335
청양도서관,충청남도,청양군,435,95388
정산도서관,충청남도,청양군,191,24786
운곡면작은도서관,충청남도,청양군,6,2692
대치면작은도서관,충청남도,청양군,18,2048
목면작은도서관,충청남도,청양군,10,1222
장평면작은도서관,충청남도,청양군,16,1638
비봉면작은도서관,충청남도,청양군,12,1242
남양생명나무작은도서관,충청남도,청양군,15,5600
솔로몬작은도서관,충청남도,청양군,6,2500
청남꿈꾸는작은도서관,충청남도,청양군,30,1500
화성책카페,충청남도,청양군,21,3000
작전도서관,인천광역시,계양구,206,35223
효성도서관,인천광역시,계양구,162,39352
서운도서관,인천광역시,계양구,99,33390
동양도서관,인천광역시,계양구,196,40101
가수원도서관,대전광역시,서구,372,135126
둔산도서관,대전광역시,서구,160,111339
어린이도서관,대전광역시,서구,110,53111
갈마도서관,대전광역시,서구,308,188548
송림도서관,인천광역시,동구,450,51522
책이든거리작은도서관,서울특별시,금천구,16,5091
참새작은도서관,서울특별시,금천구,12,5577
청개구리작은도서관,서울특별시,금천구,33,10804
꿈씨어린이작은도서관,서울특별시,금천구,50,16203
도란도란작은도서관,서울특별시,금천구,14,9663
해오름작은도서관,서울특별시,금천구,24,8424
미래향기작은도서관,서울특별시,금천구,31,2545
산돌어린이도서관,서울특별시,금천구,50,15000
은행나무어린이도서관,서울특별시,금천구,18,10610
책읽는마을작은도서관,서울특별시,금천구,18,6500
지혜의숲작은도서관,서울특별시,금천구,16,4905
꿈을키우는작은도서관,서울특별시,금천구,10,3886
꿈꾸는작은도서관,서울특별시,금천구,10,6021
맑은누리작은도서관,서울특별시,금천구,24,9514
책읽는주민사랑방작은도서관,서울특별시,금천구,10,3886
나누리작은도서관,서울특별시,금천구,30,8566
금천문화복지도서관,서울특별시,금천구,50,2520
금천구립시흥도서관,서울특별시,금천구,364,47498
금천구립금나래도서관,서울특별시,금천구,321,44060
금천구립가산도서관,서울특별시,금천구,360,69852
금천구립독산도서관,서울특별시,금천구,198,119165
고창공공도서관,전라북도,고창군,42,62163
순창공공도서관,전라북도,순창군,189,67394
임실공공도서관,전라북도,임실군,151,56922
장수공공도서관,전라북도,장수군,166,65859
무주공공도서관,전라북도,무주군,70,62345
진안공공도서관,전라북도,진안군,209,67818
완주공공도서관,전라북도,완주군,122,63280
부안교육문화회관,전라북도,부안군,120,80438
금산분관,전라북도,전라북도 김제시,92,51615
김제교육문화회관,전라북도,전라북도 김제시,122,63525
운봉분관,전라북도,전라북도 남원시,120,53735
남원교육문화회관,전라북도,전라북도 남원시,308,103494
정읍학생복지회관,전라북도,정읍시,117,90302
함열분관,전라북도,익산시,336,84935
마한교육문화회관,전라북도,익산시,146,135125
대야분관,전라북도,군산시,370,68644
군산교육문화회관,전라북도,군산시,286,111874
전북교육문화회관,전라북도,전주시,1015,199931
계화분관,전라북도,부안군,46,3440
부안군립도서관,전라북도,부안군,256,62493
성호분관,전라북도,고창군,159,36985
고창군립도서관,전라북도,고창군,158,51685
순창군립도서관,전라북도,순창군,69,28862
임실군립도서관,전라북도,임실군,150,46329
장수군립도서관,전라북도,장수군,152,43621
무주군립도서관,전라북도,무주군,54,43686
둔산영어도서관,전라북도,완주군,170,43085
고산분관,전라북도,완주군,180,62358
삼례분관,전라북도,완주군,150,106799
완주군립중앙,전라북도,완주군,150,61769
금구분관,전라북도,전라북도 김제시,254,36889
만경분관,전라북도,전라북도 김제시,110,31561
전라북도 김제시립도서관,전라북도,전라북도 김제시,637,132086
전라북도 남원시립도서관,전라북도,전라북도 남원시,180,58008
명봉도서관,전라북도,정읍시,85,33091
기적의어린이,전라북도,정읍시,150,57614
신태인분관,전라북도,정읍시,100,66047
정읍시립중앙도서관,전라북도,정읍시,326,172953
완산시립도서관,전라북도,전주시,586,288635
전북도청도서관,전라북도,전주시,150,58683
황등분관,전라북도,익산시,100,9376
부송분관,전라북도,익산시,718,70101
마동분관,전라북도,익산시,968,196592
영등분관,전라북도,익산시,838,141266
모현시립도서관,전라북도,익산시,1087,127738
설림분관,전라북도,군산시,229,39938
늘푸른분관,전라북도,군산시,220,57341
임피분관,전라북도,군산시,80,35050
군산시립도서관,전라북도,군산시,693,143166
효자분관,전라북도,전주시,297,38816
건지분관,전라북도,전주시,115,38230
쪽구름분관,전라북도,전주시,93,47635
아중분관,전라북도,전주시,129,68528
평화분관,전라북도,전주시,248,67619
서신분관,전라북도,전주시,442,109015
송천분관,전라북도,전주시,307,92455
삼천분관,전라북도,전주시,392,93853
인후분관,전라북도,전주시,332,87048
금암분관,전라북도,전주시,226,151791
행복한 문고,부산광역시,남구,8,2500
LG메트로작은쌈지도서관,부산광역시,남구,38,19820
감만꿈터,부산광역시,남구,30,7089
감만독서문화원,부산광역시,남구,10,2000
꿈샘작은도서관,부산광역시,남구,20,2500
꿈이 자라는 작은도서관,부산광역시,남구,10,1573
대동골문화센터작은도서관,부산광역시,남구,17,3457
대천 작은도서관,부산광역시,남구,20,860
동항작은도서관,부산광역시,남구,30,2600
들꽃이야기 작은도서관,부산광역시,남구,18,8850
로뎀나무 아래 작은 도서관,부산광역시,남구,18,1100
문현마을문고,부산광역시,남구,20,1982
부산광역시남구도서관,부산광역시,남구,486,22203
부산시여성회관 작은도서관,부산광역시,남구,6,5664
북조아 작은 도서관,부산광역시,남구,30,6918
브니엘 학습관 문고,부산광역시,남구,10,1800
산성교회문고,부산광역시,남구,56,3449
샘터꿈의도서관,부산광역시,남구,30,16800
샘터작은도서관,부산광역시,남구,27,2500
솔로몬 도서관,부산광역시,남구,32,6500
수피아,부산광역시,남구,16,1035
수학공방강장작은도서관,부산광역시,남구,12,1200
작은나무 큰숲도서관,부산광역시,남구,8,2000
작은나무숲,부산광역시,남구,25,10000
작은여울 도서관,부산광역시,남구,10,1300
참사랑도서관,부산광역시,남구,20,1060
책나루작은도서관,부산광역시,남구,20,3139
책나무그늘 작은도서관,부산광역시,남구,24,14122
청소년쉼터도서관,부산광역시,남구,30,7100
캐슬리안북카페,부산광역시,남구,6,1000
민주작은도서관,광주광역시,동구,20,4850
그림이 있는 작은도서관,광주광역시,동구,25,1650
GIC도서관,광주광역시,동구,50,5502
space秀,광주광역시,동구,12,3000
지산1동 작은도서관,광주광역시,동구,16,2620
작은도서관 오월의숲,광주광역시,동구,36,3300
무등재 작은도서관,광주광역시,동구,15,1866
두암타운작은도서관,광주광역시,동구,12,2000
소망작은도서관,광주광역시,동구,30,1000
이매진도서관,광주광역시,동구,30,3000
희망작은도서관,광주광역시,동구,16,1300
계림꿈나무도서관,광주광역시,동구,108,25200
지원2동작은도서관,광주광역시,동구,34,8250
지산2동작은도서관,광주광역시,동구,14,7224
학운동작은도서관,광주광역시,동구,20,8227
대인작은도서관,광주광역시,동구,60,2000
계림두산위브작은도서관,광주광역시,동구,15,4881
행복한작은도서관,광주광역시,동구,10,2050
교육원도서관,광주광역시,동구,10,1200
알암인권작은도서관,광주광역시,동구,14,3200
푸른길책향기작은도서관,광주광역시,동구,6,2952
대안도서관 틔움,광주광역시,동구,32,9704
산수중앙작은도서관,광주광역시,동구,30,4600
풀꽃동산작은도서관,광주광역시,동구,50,6076
북카페 영어작은도서관,광주광역시,동구,10,1550
백 암 문 고,광주광역시,동구,20,4200
파이디온작은도서관,광주광역시,동구,24,3000
은새암,광주광역시,동구,21,3492
작은도서관 숲,광주광역시,동구,20,1200
메트로열린도서관,광주광역시,동구,10,20000
옹달샘작은도서관,광주광역시,동구,20,2000
학2마을작은도서관,광주광역시,동구,27,2727
월남호반독서치유도서관,광주광역시,동구,39,1884
살레시오 작은도서관 마인,광주광역시,동구,48,3126
예향 작은도서관,광주광역시,동구,21,1400
김냇과작은도서관,광주광역시,동구,20,1200
보름달작은도서관,경상남도,합천군,10,3300
새마을문고센터,경상남도,합천군,50,3400
향파새마을작은도서관,경상남도,합천군,14,5613
토끼와거북이 리더십도서관,경상남도,합천군,20,2000
관기교회문고,경상남도,합천군,15,1800
적중문고,경상남도,합천군,20,2000
도토리와친구들어린이도서관,경상남도,합천군,50,6000
샛별도서관,경상남도,합천군,25,10000
꿈꾸는 도서관,경상남도,합천군,25,3500
희망문고,경상남도,합천군,40,3500
묘산 중앙문고,경상남도,합천군,40,3000
행복한 아이터,경상남도,합천군,40,2860
야로교회문고,경상남도,합천군,15,1500
삼가장터3.1광장도서관,경상남도,합천군,26,3400
가야아동작은도서관,경상남도,합천군,20,1500
합천유치원작은도서관,경상남도,합천군,6,2000
육아종합지원센터작은도서관,경상남도,합천군,27,1897
솔고생태도서관,경상남도,합천군,24,8000
가야작은도서관,경상남도,합천군,18,6100
야로작은도서관,경상남도,합천군,18,4700
목마도서관,서울특별시,양천구,70,27628
개울도서관,서울특별시,양천구,36,20323
방아다리문학도서관,서울특별시,양천구,84,27672
해맞이도서관,서울특별시,양천구,160,20733
영어특성화도서관,서울특별시,양천구,100,62916
달마을작은도서관,서울특별시,양천구,60,10899
꿈자람 작은도서관,서울특별시,양천구,50,10913
고운달 작은도서관,서울특별시,양천구,44,6393
고운맘 작은도서관,서울특별시,양천구,30,8832
달빛마을 작은도서관,서울특별시,양천구,33,7737
지양마을 작은도서관,서울특별시,양천구,20,4834
그린나래작은도서관,서울특별시,양천구,40,9419
호롱불작은도서관,서울특별시,양천구,35,7527
고맙습니다 작은도서관,서울특별시,양천구,50,9514
넓은들작은도서관,서울특별시,양천구,20,10830
갈산도서관,서울특별시,양천구,95,38782
신월디지털정보도서관,서울특별시,양천구,230,43709
미감 작은도서관,서울특별시,양천구,60,12682
중앙도서관,전라남도,광양시,127,197865
중마도서관,전라남도,광양시,219,113545
희망도서관,전라남도,광양시,148,31525
용강도서관,전라남도,광양시,140,24937
원미도서관,경기도,부천시,823,218654
북부도서관,경기도,부천시,568,142511
한울빛도서관,경기도,부천시,597,105986
꿈여울도서관,경기도,부천시,382,89509
오정도서관,경기도,부천시,556,56633
판타스틱큐브,경기도,부천시,32,9533
도당도서관,경기도,부천시,120,16076
꿈틀작은도서관,대구광역시,남구,40,9033
이천행복작은도서관,대구광역시,남구,14,5142
핑크드림도서관,대구광역시,남구,6,5400
대명어울림도서관,대구광역시,남구,184,8479
이천어울림도서관,대구광역시,남구,128,17269
정남진도서관,전라남도,장흥군,212,90493
함양도서관,경상남도,함양군,197,93601
완도군립도서관,전라남도,완도군,255,100063
경기화성교육도서관,경기도,화성시,357,115458
생각마루도서관,경상북도,군위군,40,7800
온박물관 작은도서관,경상북도,군위군,6,1037
새마을문고,경상북도,군위군,10,2000
보성농어촌공공도서관,전라남도,보성군,36,20883
구미시립봉곡도서관(자료실),경상북도,구미시,724,127025
구미시립봉곡도서관(열람실),경상북도,구미시,724,127025
구미시립선산도서관(자료실),경상북도,구미시,406,84564
구미시립선산도서관(열람실),경상북도,구미시,406,84564
가좌도서관,경기도,고양시 일산서구,122,41375
강촌공원작은도서관,경기도,고양시 일산동구,0,5118
고양 포돌이 안전도서관,경기도,고양시 덕양구,0,7521
고양윤창작은도서관,경기도,고양시 덕양구,0,11540
고양작은도서관,경기도,고양시 덕양구,0,23992
관산작은도서관,경기도,고양시 덕양구,0,26818
대덕작은도서관,경기도,고양시 덕양구,0,8603
대화도서관,경기도,고양시 일산서구,190,138412
대화마을작은도서관,경기도,고양시 일산서구,0,18448
덕이도서관,경기도,고양시 일산서구,168,64790
마두도서관,경기도,고양시 일산동구,397,175489
마상공원작은도서관,경기도,고양시 덕양구,0,4663
모당공원작은도서관,경기도,고양시 일산동구,0,3070
백석도서관,경기도,고양시 일산동구,234,151369
사리현작은도서관,경기도,고양시 일산동구,0,10778
삼송도서관,경기도,고양시 덕양구,110,43105
식사도서관,경기도,고양시 일산동구,194,69077
신도작은도서관,경기도,고양시 덕양구,0,9930
신원도서관,경기도,고양시 덕양구,170,51083
아람누리도서관,경기도,고양시 일산동구,0,197168
원당도서관,경기도,고양시 덕양구,270,117606
주엽어린이도서관,경기도,고양시 일산서구,0,137750
탄현작은도서관,경기도,고양시 일산서구,0,21042
푸른마을작은도서관,경기도,고양시 덕양구,0,20244
풍동도서관,경기도,고양시 일산동구,0,92453
한뫼도서관,경기도,고양시 일산서구,129,142337
햇빛21작은도서관,경기도,고양시 덕양구,0,10235
햇빛마을작은도서관,경기도,고양시 덕양구,0,20859
행신도서관,경기도,고양시 덕양구,342,157349
행신어린이도서관,경기도,고양시 덕양구,0,111280
호수공원작은도서관,경기도,고양시 일산동구,0,8330
화전작은도서관,경기도,고양시 덕양구,0,18515
화정도서관,경기도,고양시 덕양구,466,178978
화정어린이도서관,경기도,고양시 덕양구,0,109422
평택시립도서관,경기도,평택시,554,284426
팽성도서관,경기도,평택시,215,116751
안중도서관,경기도,평택시,950,210602
지산초록도서관,경기도,평택시,430,146289
오성도서관,경기도,평택시,155,37665
장당도서관,경기도,평택시,571,95253
진위도서관,경기도,평택시,188,36986
청북도서관,경기도,평택시,90,25509
세교도서관,경기도,평택시,239,20295
비전작은도서관,경기도,평택시,50,33716
송탄작은도서관,경기도,평택시,46,30045
서정작은도서관,경기도,평택시,45,30252
포승작은도서관,경기도,평택시,65,24390
경기도립평택도서관,경기도,평택시,400,48198
북구디지털도서관,부산광역시,북구,96,137374
화명도서관,부산광역시,북구,579,135222
금곡도서관,부산광역시,북구,97,38072
포은중앙도서관,경상북도,포항시,816,180777
대잠도서관,경상북도,포항시,130,140433
영암도서관,경상북도,포항시,352,107134
오천도서관,경상북도,포항시,302,54539
동해석곡도서관,경상북도,포항시,130,34844
어린이영어도서관,경상북도,포항시,43,20126
죽장면 선바위 작은도서관,경상북도,포항시,50,8727
흥해읍 이팝 작은도서관,경상북도,포항시,30,9910
해도동 바다섬,경상북도,포항시,40,6918
양학동 부학,경상북도,포항시,50,12357
두호동 두무치,경상북도,포항시,50,9836
청림동 푸른숲,경상북도,포항시,50,7503
효곡동 행복,경상북도,포항시,40,12349
오천읍 해와달,경상북도,포항시,30,9245
장량동 참사랑,경상북도,포항시,30,8207
연일읍 미르,경상북도,포항시,40,10597
상대동 큰섬마을,경상북도,포항시,30,8444
대송면 큰솔,경상북도,포항시,50,9627
신광면/비학산,경상북도,포항시,40,7643
죽도동 청암,경상북도,포항시,50,8561
효곡동 그린숲,경상북도,포항시,50,8949
송도동 솔향,경상북도,포항시,30,6984
오천읍 그루터기,경상북도,포항시,40,8306
환여동 해맞이꿈터,경상북도,포항시,30,7739
기계면 버드내,경상북도,포항시,40,7903
두호동 책이랑바다랑,경상북도,포항시,10,4690
환호동 환호어린이,경상북도,포항시,30,7453
청림동 찬내,경상북도,포항시,30,6879
죽도동 맑은물,경상북도,포항시,40,4186
구룡포 미르아라,경상북도,포항시,40,6083
청하면 해아,경상북도,포항시,30,5008
장량동 다솜,경상북도,포항시,40,6358
장량동 햇살,경상북도,포항시,40,8288
효곡동 열린,경상북도,포항시,40,6159
연일읍 해돋이,경상북도,포항시,50,6035
흥해읍 내맏이,경상북도,포항시,40,5160
흥해읍 어리골,경상북도,포항시,20,5074
장량동 해뜰참,경상북도,포항시,30,5829
죽장면 참느리,경상북도,포항시,25,3384
용흥동 솔개재,경상북도,포항시,40,6255
장량동 꿈마루,경상북도,포항시,30,4805
흥해읍 참새미,경상북도,포항시,24,4531
장량동 바람숲,경상북도,포항시,20,3581
호미곶면 호미곶,경상북도,포항시,12,2487
우창동 어울,경상북도,포항시,20,5388
장기면 양포,경상북도,포항시,15,2450
그림책마을,경상북도,포항시,30,5259
수영구도서관,부산광역시,수영구,456,107625
수영구도서관 망미분관,부산광역시,수영구,109,60931
홍산공공도서관,충청남도,부여군,211,18826
꿈나무도서관,경기도,양주시,183,145769
남면도서관,경기도,양주시,147,51646
덕계도서관,경기도,양주시,130,65043
광적도서관,경기도,양주시,187,32513
장흥작은도서관,경기도,양주시,70,20161
양주희망도서관,경기도,양주시,230,56359
덕정도서관,경기도,양주시,180,131509
고읍도서관,경기도,양주시,249,58416
경산시립도서관,경상북도,경산시,504,99054
경산시립장산도서관,경상북도,경산시,154,99447
오산시 중앙도서관,경기도,오산시,484,251262
오산시 초평도서관,경기도,오산시,235,44303
오산시 햇살마루도서관,경기도,오산시,110,48757
오산시 청학도서관,경기도,오산시,275,86324
오산시 양산도서관,경기도,오산시,314,57659
오산시 꿈두레도서관,경기도,오산시,370,122247
경기평생교육학습관,경기도,수원시,2080,690065
시립중앙도서관,경기도,광주시,798,329991
오포도서관,경기도,광주시,366,100802
초월도서관,경기도,광주시,549,92439
곤지암도서관,경기도,광주시,284,96541
능평도서관,경기도,광주시,360,58901
오포작은도서관,경기도,광주시,17,15654
대주작은도서관,경기도,광주시,35,12487
퇴촌작은도서관,경기도,광주시,19,12660
도척작은도서관,경기도,광주시,35,14160
광남작은도서관,경기도,광주시,40,15429
정읍중앙도서관,전라북도,정읍시,602,156387
신태인도서관,전라북도,정읍시,100,66618
기적의도서관,전라북도,정읍시,78,61057
북면작은도서관,전라북도,정읍시,20,6994
상동작은도서관,전라북도,정읍시,25,10522
고부작은도서관,전라북도,정읍시,10,4890
수목토작은도서관,전라북도,정읍시,24,5834
문화의집작은도서관,전라북도,정읍시,12,5742
옹달샘작은도서관,전라북도,정읍시,19,6832
수성작은도서관,전라북도,정읍시,30,6241
감골작은도서관,전라북도,정읍시,16,3645
초산작은도서관,전라북도,정읍시,11,5056
실버작은도서관,전라북도,정읍시,24,3880
상교작은도서관,전라북도,정읍시,36,4014
꿈꾸는작은도서관,전라북도,정읍시,33,5906
다문화작은도서관,전라북도,정읍시,22,5124
책향기작은도서관,전라북도,정읍시,30,4271
화순열린도서관,전라남도,화순군,300,54475
능주면민도서관,전라남도,화순군,40,5948
세빛도서관,전라남도,화순군,30,3300
화순작은도서관,전라남도,화순군,10,1000
다사랑작은도서관,전라남도,화순군,20,5000
지혜샘어린이문고,전라남도,화순군,10,1500
늘푸른작은도서관,전라남도,화순군,36,6370
화순중앙도서관,전라남도,화순군,28,3226
꿈나무도서관,전라남도,화순군,24,5454
빛나라도서관,전라남도,화순군,40,5468
해망마을도서관,전라남도,화순군,24,3900
안심 작은도서관,전라남도,화순군,24,2807
잠정햇살마을도서관,전라남도,화순군,39,1000
능성예절도서관,전라남도,화순군,15,2000
광신프로그레시브작은도서관(너나들이도서관),전라남도,화순군,12,1000
행복미소작은도서관,경상남도,산청군,15,9408
선비마을작은도서관,경상남도,산청군,12,5649
사상도서관,부산광역시,사상구,95,137112
고맙습니다 보물섬 작은도서관,부산광역시,사상구,81,15122
꿈나래 작은도서관,부산광역시,사상구,12,7473
다문화도서관,부산광역시,사상구,28,3621
모라1동 작은도서관,부산광역시,사상구,40,10851
부산광역시 여성문화회관 도서정보자료실,부산광역시,사상구,10,5946
사상 작은도서관,부산광역시,사상구,25,13815
샘물 작은도서관,부산광역시,사상구,20,3300
어린이&가족도서관 꿈꾸는 글나라,부산광역시,사상구,30,10427
엄궁 쌈지 작은도서관,부산광역시,사상구,16,12448
주례쌈지작은도서관,부산광역시,사상구,30,13363
포도송이 작은도서관,부산광역시,사상구,10,1500
학마을작은도서관,부산광역시,사상구,30,3079
한울타리 작은도서관,부산광역시,사상구,10,1400
함께하는 작은도서관,부산광역시,사상구,30,1500
햇살나무작은도서관,부산광역시,사상구,40,10348
순창군립도서관,전라북도,순창군,65,34441
부곡글고운도서관,경기도,의왕시,75,31295
오전빛고운도서관,경기도,의왕시,50,28345
중앙도서관,경기도,의왕시,1105,209067
글로벌도서관,경기도,의왕시,255,74398
청계참고운도서관,경기도,의왕시,50,25202
내손책고운도서관,경기도,의왕시,70,25547
내손도서관,경기도,의왕시,806,227662
강서도서관,부산광역시,강서구,303,108098
극동스타클래스작은도서관,부산광역시,강서구,140,7300
링컨타운책벌레작은도서관,부산광역시,강서구,30,4100
아인슈타인타운책벌레작은도서관,부산광역시,강서구,40,3500
에디슨타운책벌레작은도서관,부산광역시,강서구,23,3100
작은도서관 시민책방,부산광역시,강서구,50,5000
책나무작은도서관,부산광역시,강서구,10,7200
명지한신휴플러스작은도서관,부산광역시,강서구,60,1500
솔마레작은도서관,부산광역시,강서구,107,1100
에일린의뜰작은도서관,부산광역시,강서구,30,1200
동행작은도서관,부산광역시,강서구,32,1200
지사꿈꾸는작은도서관,부산광역시,강서구,13,5000
대방2차Book적Book적작은도서관,부산광역시,강서구,62,2000
소담북카페,부산광역시,강서구,13,2500
호반베르디움작은도서관,부산광역시,강서구,15,1000
휴포레작은도서관,부산광역시,강서구,17,1010
명지2차금강작은도서관,부산광역시,강서구,35,1000
명지두산작은도서관,부산광역시,강서구,40,2100
죽변면도서관,경상북도,울진군,66,59175
울진남부도서관,경상북도,울진군,181,50488
울진작은도서관,경상북도,울진군,15,7314
근남작은도서관,경상북도,울진군,14,5696
매화작은도서관,경상북도,울진군,6,5542
기성작은도서관,경상북도,울진군,15,6063
평해작은도서관,경상북도,울진군,16,5683
온정작은도서관,경상북도,울진군,32,5605
책마루도서관,울산광역시,남구,35,3500
울림북카페,울산광역시,남구,99,1197
책방의 하루,울산광역시,남구,33,1175
작은도서관 그늘,울산광역시,남구,20,2000
꿈꾸는 고래 도서관,울산광역시,남구,40,1200
대공원대명루첸아파트 작은도서관,울산광역시,남구,34,4138
옹달샘 작은도서관,울산광역시,남구,6,1200
무거위브자이작은도서관,울산광역시,남구,18,4000
굴화 작은도서관,울산광역시,남구,29,5409
옥현으뜸마을 작은도서관,울산광역시,남구,26,8498
드림작은도서관,울산광역시,남구,20,2474
푸른도서관,울산광역시,남구,20,5469
신선산휴먼빌도서관,울산광역시,남구,15,4202
미소나눔도서관,울산광역시,남구,40,9667
야음롯데캐슬문고,울산광역시,남구,20,3522
마이코즈문고,울산광역시,남구,40,2164
옥현주공1단지 책마루,울산광역시,남구,10,7537
울산감리교회문고,울산광역시,남구,20,1800
옥현주공2단지문고,울산광역시,남구,21,10171
소풍 작은도서관,울산광역시,남구,26,15987
다독다독 작은도서관,울산광역시,남구,40,2718
아이파크2 작은도서관,울산광역시,남구,12,2600
아이파크1 작은도서관,울산광역시,남구,63,5000
삼호 작은도서관,울산광역시,남구,40,12932
달동 마을문고,울산광역시,남구,6,7435
대현동 마을문고,울산광역시,남구,9,11559
선암동 마을문고,울산광역시,남구,50,9807
삼산동 마을문고,울산광역시,남구,8,10675
신정4동 마을문고,울산광역시,남구,12,10972
무거동 마을문고,울산광역시,남구,24,16244
신정3동 마을문고,울산광역시,남구,8,11820
신정2동 마을문고,울산광역시,남구,30,7886
수암동 마을문고,울산광역시,남구,12,9080
남부도서관,울산광역시,남구,944,310223
월봉도서관,울산광역시,남구,66,20923
옥현어린이도서관,울산광역시,남구,113,26126
신복도서관,울산광역시,남구,210,45200
도산도서관,울산광역시,남구,189,58604
용운도서관,대전광역시,동구,400,115050
갈마도서관,대전광역시,서구,800,170901
가수원도서관,대전광역시,서구,781,120508
둔산도서관,대전광역시,서구,470,97190
서구어린이도서관,대전광역시,서구,150,45661
노은도서관,대전광역시,유성구,569,64430
유성도서관,대전광역시,유성구,406,126049
진잠도서관,대전광역시,유성구,484,63697
구암도서관,대전광역시,유성구,317,17568
구즉도서관,대전광역시,유성구,372,99455
엑스포도서관,대전광역시,유성구,20,18371
신탄진평생학습도서관,대전광역시,대덕구,1200,140409
송촌평생학습도서관,대전광역시,대덕구,650,65469
안산평생학습도서관,대전광역시,대덕구,530,141821
한밭도서관,대전광역시,중구,656,802933
학생교육문화원,대전광역시,중구,801,106654
산성도서관,대전광역시,중구,430,47991
가오도서관,대전광역시,동구,300,94073
판암도서관,대전광역시,동구,80,32006
가양도서관,대전광역시,동구,263,96878
무지개도서관,대전광역시,동구,71,27088
홍도도서관,대전광역시,동구,100,38439
성남도서관,대전광역시,동구,120,37655
자양도서관,대전광역시,동구,104,40498
비산도서관,대구광역시,서구,60,18437
서구영어도서관,대구광역시,서구,14,4110
비원도서관,대구광역시,서구,59,12141
서구어린이도서관,대구광역시,서구,323,42592
내당4동 어린이도서관,대구광역시,서구,12,7977
새마을문고 서구지부,대구광역시,서구,40,5695
서구청 작은도서관,대구광역시,서구,19,6144
비산7동 작은도서관,대구광역시,서구,30,5828
내당2.3동 드림도서관,대구광역시,서구,55,6375
달성토성마을 다락방 작은도서관,대구광역시,서구,21,3990
만평주민도서관,대구광역시,서구,20,9138
마을도서관 햇빛따라,대구광역시,서구,30,13063
옹달샘 작은도서관,대구광역시,서구,16,7800
세토 작은도서관,대구광역시,서구,14,3500
별이난마을도서관,대구광역시,서구,39,1500
중리롯데 작은도서관,대구광역시,서구,16,2500
평리 작은도서관,대구광역시,서구,40,1400
청송군립진보공공도서관,경상북도,청송군,206,29050
경상북도교육청예천도서관,경상북도,예천군,300,70715
연천도서관,경기도,연천군,67,76282
중앙도서관,경기도,연천군,129,106949
해운대인문학도서관,부산광역시,해운대구,299,35960
반여도서관,부산광역시,해운대구,162,91015
재송어린이도서관,부산광역시,해운대구,133,118636
작은인문학도서관,부산광역시,해운대구,167,14312
해운대세계작은도서관,부산광역시,해운대구,28,11637
소래도서관,인천광역시,남동구,150,74989
서창도서관,인천광역시,남동구,183,63282
간석3동어린이도서관,인천광역시,남동구,80,34304
만수2동어린이도서관,인천광역시,남동구,65,27130
부개도서관,인천광역시,부평구,209,52604
삼산도서관,인천광역시,부평구,204,52009
부평기적의도서관,인천광역시,부평구,300,56507
청천도서관,인천광역시,부평구,146,46533
갈산도서관,인천광역시,부평구,92,25367
부개어린이도서관,인천광역시,부평구,70,20357
꿈나무작은도서관,인천광역시,부평구,42,10335
샘터도서관,인천광역시,부평구,25,9329
희망천작은도서관,인천광역시,부평구,26,12561
산곡글향기도서관,인천광역시,부평구,30,9485
갈산밀알도서관,인천광역시,부평구,23,8308
글마루도서관,인천광역시,부평구,60,10500
동수작은도서관,인천광역시,부평구,30,9454
민들레작은도서관,인천광역시,부평구,30,13867
무지개도서관,인천광역시,부평구,0,10000
청개구리어린이도서관,인천광역시,부평구,50,7093
신나는여성주의도서관 랄라,인천광역시,부평구,80,5017
춤추는달팽이도서관,인천광역시,부평구,50,4747
동그라미도서관,인천광역시,부평구,40,4500
누리보듬 마을문고,인천광역시,부평구,8,5071
옹달샘도서관,인천광역시,부평구,40,9100
꿈땅도서관,인천광역시,부평구,50,10256
청소년인문학도서관 두잉,인천광역시,부평구,50,3473
엘림작은도서관,인천광역시,부평구,40,6955
늘푸른도서관,인천광역시,부평구,30,8526
해오름작은도서관,인천광역시,부평구,20,3500
마을도서관,인천광역시,부평구,24,1500
하늘도시교회작은도서관,인천광역시,부평구,18,2200
동암비전도서관,인천광역시,부평구,40,2200
두드림작은도서관,인천광역시,부평구,20,2250
하하작은도서관,인천광역시,부평구,20,1800
선일비전영어작은도서관,인천광역시,부평구,20,2000
사랑채작은도서관,인천광역시,부평구,12,1300
우리동네 작은도서관 도란도란,인천광역시,부평구,20,10000
노동자의 작은도서관 사람,인천광역시,부평구,20,6023
아이아이도서관,인천광역시,부평구,25,1250
행복숲 작은도서관,인천광역시,부평구,20,1708
예산군립도서관,충청남도,예산군,240,56000
삽교공공도서관,충청남도,예산군,162,75000
도농도서관,경기도,남양주시,448,159237
와부도서관,경기도,남양주시,411,104598
화도도서관,경기도,남양주시,328,128718
진건도서관,경기도,남양주시,373,107814
평내도서관,경기도,남양주시,451,97534
별내도서관,경기도,남양주시,329,114733
진접도서관,경기도,남양주시,422,61864
진접푸른숲 도서관,경기도,남양주시,549,59153
오남도서관,경기도,남양주시,372,88207
퇴계원도서관,경기도,남양주시,410,77171
별빛도서관,경기도,남양주시,598,36508
태안군립중앙도서관,충청남도,태안군,300,69341
태안군립안면도서관,충청남도,태안군,90,53642
정보과학도서관,경기도,과천시,540,339394
문원도서관,경기도,과천시,110,56181
은평구립도서관,서울특별시,은평구,958,199029
증산정보도서관,서울특별시,은평구,511,62656
응암정보도서관,서울특별시,은평구,250,53973
상림마을작은도서관,서울특별시,은평구,60,33795
은평뉴타운 도서관,서울특별시,은평구,420,36727
구산동 도서관마을,서울특별시,은평구,350,39550
내를건너서숲으로도서관,서울특별시,은평구,170,10346
은평작은도서관(은평구청 1층),서울특별시,은평구,10,13033
녹번만화도서관,서울특별시,은평구,10,3431
다섯콩작은도서관,서울특별시,은평구,42,11717
어린이도서관 동네북,서울특별시,은평구,50,11899
북한산 힐스테이트 1차 솔숲문고,서울특별시,은평구,40,4200
은광교회도서관,서울특별시,은평구,60,13500
바다의 별 작은도서관,서울특별시,은평구,50,5600
비전뜰 도서관,서울특별시,은평구,18,3400
다니엘 작은도서관,서울특별시,은평구,20,4340
천주교연신내성당 작은도서관,서울특별시,은평구,6,1502
고리마루작은도서관(갈현1동 주민센터),서울특별시,은평구,18,4729
정임도서관,서울특별시,은평구,25,4900
효경골 마을문고(갈현2동 주민센터),서울특별시,은평구,20,9675
풍성한 알곡 비전도서관,서울특별시,은평구,34,1600
MBL문고,서울특별시,은평구,40,1900
청소년도서관 작공,서울특별시,은평구,22,1800
무지개영어도서관,서울특별시,은평구,16,2500
햇살이 따뜻한 아이마루 작은도서관,서울특별시,은평구,40,7236
대조꿈나무어린이도서관,서울특별시,은평구,56,12106
대조제일교회 꿈꾸는 작은도서관,서울특별시,은평구,40,8602
징검다리 도서관,서울특별시,은평구,50,7808
은평문화의집 작은도서관(응암1동 주민센터),서울특별시,은평구,50,11010
포수마을 만화도서관,서울특별시,은평구,10,2000
응암도서관,서울특별시,은평구,30,17271
푸른풀밭 작은도서관,서울특별시,은평구,30,4100
응암2동 매바위북카페(응암2동 주민센터),서울특별시,은평구,8,2469
꿈샘도서관,서울특별시,은평구,16,6832
백련산힐스 작은도서관,서울특별시,은평구,22,5520
사랑방 작은도서관,서울특별시,은평구,15,4300
복있는교회작은도서관,서울특별시,은평구,10,1100
불광천 작은도서관(응암정보도서관 운영),서울특별시,은평구,10,5226
서문어린이도서관,서울특별시,은평구,50,5530
은평어린이영어도서관(평생학습관 1층),서울특별시,은평구,30,15141
역마루 작은도서관(역촌동 주민센터),서울특별시,은평구,30,4959
영광영재도서관,서울특별시,은평구,50,6500
예뜰도서관,서울특별시,은평구,60,13000
꿈꾸는 작은도서관,서울특별시,은평구,40,2400
초록길도서관,서울특별시,은평구,40,8000
신사어린이도서관,서울특별시,은평구,40,12551
즐겨찾기 작은 도서관,서울특별시,은평구,18,3800
시루뫼쉼터(증산동 주민센터),서울특별시,은평구,3,2989
성산작은도서관,서울특별시,은평구,30,5285
서영영어전문작은도서관,서울특별시,은평구,10,4500
이아이야작은도서관,서울특별시,은평구,20,1600
수색장로교회도서관,서울특별시,은평구,19,49500
물빛마을작은도서관,서울특별시,은평구,30,7916
수색한숲도서관,서울특별시,은평구,15,4500
은평노인종합복지관 작은도서관,서울특별시,은평구,20,5047
상림6 작은도서관,서울특별시,은평구,20,8600
푸른꿈작은도서관,서울특별시,은평구,20,4360
은평뉴타운 5단지 문고,서울특별시,은평구,36,4000
모퉁이작은도서관,서울특별시,은평구,20,5430
롯데캐슬문고,서울특별시,은평구,32,5744
상림책마루작은도서관,서울특별시,은평구,35,5700
우물골작은도서관,서울특별시,은평구,20,5000
큰꿈작은도서관,서울특별시,은평구,30,8000
래미안 푸른숲 도서관,서울특별시,은평구,28,6846
두드림 작은도서관,서울특별시,은평구,14,6800
종이책갈피 작은도서관,서울특별시,은평구,6,3900
푸른작은도서관,서울특별시,은평구,25,5600
솔빛도서관,서울특별시,은평구,12,1125
샘터작은도서관,서울특별시,은평구,12,4500
상림글방,서울특별시,은평구,30,1226
책뜰에도서관,서울특별시,은평구,60,7200
마고정작은도서관,서울특별시,은평구,25,3500
숲속향기 작은도서관,서울특별시,은평구,35,5638
지혜누리작은도서관,서울특별시,은평구,20,2555
꿈지락작은도서관,서울특별시,은평구,50,7000
꿈꾸는i작은도서관,서울특별시,은평구,60,8000
산책마을 SH작은도서관,서울특별시,은평구,30,6800
나누리작은도서관,서울특별시,은평구,30,2500
두근두근작은도서관,서울특별시,은평구,30,2020
물푸레작은도서관,서울특별시,은평구,35,2000
새자람작은도서관,서울특별시,은평구,10,1400
지웰작은도서관,서울특별시,은평구,15,2000
화천어린이도서관,강원도,화천군,40,12185
사내도서관,강원도,화천군,49,10138
화천교육도서관,강원도,화천군,44,71409
주암운룡,전라남도,순천시,20,4322
승주꿈꾸는,전라남도,순천시,16,6388
하날다래,전라남도,순천시,35,8488
저전자치,전라남도,순천시,20,4329
삼산푸르미,전라남도,순천시,50,5841
해룡성산,전라남도,순천시,24,4239
대주피오레,전라남도,순천시,30,10350
대주생각나무,전라남도,순천시,42,8042
신원푸른숲,전라남도,순천시,20,7366
별량첨산,전라남도,순천시,10,6654
조례열린,전라남도,순천시,20,5855
장천작은나무,전라남도,순천시,30,6851
호반1차파랑새,전라남도,순천시,40,7802
호반2차꿈꾸는,전라남도,순천시,27,6499
봉화호롱불,전라남도,순천시,35,6575
대주2차푸른솔,전라남도,순천시,16,5694
흑두루미,전라남도,순천시,50,6221
서면배들꿈나래,전라남도,순천시,60,6404
책이랑,전라남도,순천시,16,8851
롯데캐슬나눔,전라남도,순천시,100,4632
두산위브행복,전라남도,순천시,67,11236
글마루(신대1차),전라남도,순천시,23,11000
신이나(신대2차),전라남도,순천시,34,7904
생태회랑(신대3차),전라남도,순천시,40,6537
도담(신대5차),전라남도,순천시,172,3286
메가드림(신대6차),전라남도,순천시,60,6331
라송센트럴카운티,전라남도,순천시,52,4885
그루터기,전라남도,순천시,32,7123
호반베르디움,전라남도,순천시,48,3331
한울타리,전라남도,순천시,45,2334
히어리꽃,전라남도,순천시,30,3500
대광,전라남도,순천시,10,7500
후마니타스,전라남도,순천시,12,3630
나눔의 집,전라남도,순천시,16,3500
풍덕,전라남도,순천시,80,1500
골드,전라남도,순천시,16,1750
리채,전라남도,순천시,22,1048
삼산도서관,전라남도,순천시,460,130803
그림책도서관,전라남도,순천시,175,117840
연향도서관,전라남도,순천시,214,156448
기적의도서관,전라남도,순천시,380,92023
조례호수도서관,전라남도,순천시,135,83997
신대도서관,전라남도,순천시,150,23985
해룡농어촌도서관,전라남도,순천시,38,30839
풍덕글마루도서관,전라남도,순천시,20,16487
신성풀꽃,전라남도,순천시,20,4647
조곡자치,전라남도,순천시,25,6015
생목벽산,전라남도,순천시,41,14050
송촌글마루,전라남도,순천시,30,8691
상사용암,전라남도,순천시,30,7454
동신별빛,전라남도,순천시,30,10507
해룡소안,전라남도,순천시,30,4956
남제자치,전라남도,순천시,30,7166
주암광천,전라남도,순천시,24,9820
서면자치,전라남도,순천시,35,5616
가곡옹달샘,전라남도,순천시,45,9225
해룡호두,전라남도,순천시,15,4969
조례금호,전라남도,순천시,20,6781
우성반딧불,전라남도,순천시,10,7341
매곡자치,전라남도,순천시,20,5934
왕조2자치,전라남도,순천시,24,8310
풍덕금호,전라남도,순천시,15,6527
대대순천만,전라남도,순천시,24,7434
연동대주,전라남도,순천시,60,10124
세종특별자치시교육연구원,세종특별자치시,-,84,125295
제천시립도서관,충청북도,충청북도 제천시,156,277703
의병도서관,충청북도,충청북도 제천시,10,15141
제천여성도서관,충청북도,충청북도 제천시,144,68960
봉양도서관,충청북도,충청북도 제천시,48,57239
기적의도서관,충청북도,충청북도 제천시,180,101991
여수시립쌍봉도서관,전라남도,여수시,804,167035
여수시립현암도서관,전라남도,여수시,647,188543
여수시립환경도서관,전라남도,여수시,150,100270
여수시립돌산도서관,전라남도,여수시,141,77315
여수시립소라도서관,전라남도,여수시,103,73749
여수시립율촌도서관,전라남도,여수시,338,51958
완주군립중앙도서관,전라북도,완주군,340,56882
완주군립둔산영어도서관,전라북도,완주군,280,51576
완주군립삼례도서관,전라북도,완주군,150,109265
완주군립고산도서관,전라북도,완주군,116,63834
구이모악작은도서관,전라북도,완주군,30,9894
이서배꽃뜰작은도서관,전라북도,완주군,30,12084
이서별마루작은도서관,전라북도,완주군,30,3449
상관기찻길작은도서관,전라북도,완주군,30,11665
화산골작은도서관,전라북도,완주군,30,4529
경천애인작은도서관,전라북도,완주군,30,6205
용꿈작은도서관,전라북도,완주군,30,3320
소양철쭉작은도서관,전라북도,완주군,30,7088
진안공공도서관,전라북도,전라북도 진안군,201,64765
월담작은도서관,강원도,영월군,134,23698
주천도서관,강원도,영월군,33,23392
영월교육도서관,강원도,영월군,188,92262
고성동부도서관,경상남도,고성군,100,32270
책사랑작은도서관,경상남도,고성군,50,12712
청사도서관,경상북도,성주군,100,16000
노원정보도서관,서울특별시,노원구　,827,186193
노원어린이도서관,서울특별시,노원구　,126,99935
월계문화정보도서관,서울특별시,노원구　,370,91352
상계문화정보도서관,서울특별시,노원구　,406,62513
화랑도서관,서울특별시,노원구　,213,40325
꿈꾸는작은도서관,서울특별시,노원구　,14,13736
달내작은도서관,서울특별시,노원구　,18,11632
한내도서관,서울특별시,노원구　,16,8758
도란도란작은도서관,서울특별시,노원구　,18,13321
책이랑친구랑작은도서관,서울특별시,노원구　,8,15277
가재울작은도서관,서울특별시,노원구　,15,16618
열린작은도서관,서울특별시,노원구　,4,11724
책누리작은도서관,서울특별시,노원구　,25,14687
하늘작은도서관,서울특별시,노원구　,38,16057
중계사랑북카페,서울특별시,노원구　,30,17408
푸른숲작은도서관,서울특별시,노원구　,6,10848
파랑새작은도서관,서울특별시,노원구　,36,13797
수락작은도서관,서울특별시,노원구　,39,18246
해솔작은도서관,서울특별시,노원구　,12,13709
반디작은도서관,서울특별시,노원구　,10,13324
한울작은도서관,서울특별시,노원구　,20,16777
가온작은도서관,서울특별시,노원구　,11,13168
노원문화원,서울특별시,노원구　,34,18863
메아리작은도서관,서울특별시,노원구　,14,13528
상계숲속작은도서관,서울특별시,노원구　,60,10430
초안산숲속작은도서관,서울특별시,노원구　,50,9900
책사랑북카페,서울특별시,노원구　,46,16558
한경도서관,제주특별자치도,제주시,124,53995
조천읍도서관,제주특별자치도,제주시,155,54448
애월도서관,제주특별자치도,제주시,1280,176304
탐라도서관,제주특별자치도,제주시,1280,189256
제주시기적의도서관,제주특별자치도,제주시,150,53677
우당도서관,제주특별자치도,제주시,2126,260180
이천시립도서관,경기도,이천시,580,188585
이천시립청미도서관,경기도,이천시,490,110547
이천시립어린이도서관,경기도,이천시,280,87527
이천시립효양도서관,경기도,이천시,550,107298
이천시립마장도서관,경기도,이천시,184,21419
제주도서관,제주특별자치도,제주시,515,262585
서귀포학생문화원도서관,제주특별자치도,서귀포시,275,205855
동녘도서관,제주특별자치도,제주시,155,85894
송악도서관,제주특별자치도,서귀포시,174,108119
제남도서관,제주특별자치도,서귀포시,176,111429
한수풀도서관,제주특별자치도,제주시,181,117356
양산시립도서관,경상남도,양산시,1317,133009
웅상도서관,경상남도,양산시,1200,178838
양산영어도서관,경상남도,양산시,318,29245
상북어린이도서관,경상남도,양산시,80,12601
고맙습니다물구나무작은도서관,경상남도,양산시,50,11476
순지작은도서관,경상남도,양산시,60,6561
황전새마을작은도서관,경상남도,양산시,45,9819
양산종합사회복지관 행복한작은도서관,경상남도,양산시,8,8542
백년가약작은도서관,경상남도,양산시,84,11569
반도유보라새마을 작은도서관,경상남도,양산시,42,9312
글마루작은도서관,경상남도,양산시,25,10437
우남작은도서관,경상남도,양산시,46,12355
휴먼빌둥지작은도서관,경상남도,양산시,30,8196
에버빌작은도서관,경상남도,양산시,42,7406
비바패밀리작은도서관,경상남도,양산시,41,13842
양산여성회동무동무씨동무 작은도서관,경상남도,양산시,32,6000
우미마을작은도서관,경상남도,양산시,49,4759
대방작은도서관,경상남도,양산시,92,7314
꿈을찾는아이들작은도서관,경상남도,양산시,49,5117
행복작은도서관,경상남도,양산시,46,5182
동일숲속작은도서관,경상남도,양산시,43,5314
반도4차작은도서관,경상남도,양산시,52,5046
가촌휴먼시아작은도서관,경상남도,양산시,25,1500
바람꽃작은도서관,경상남도,양산시,30,1142
극동작은도서관,경상남도,양산시,26,11273
글고은작은도서관,경상남도,양산시,35,6122
양산타워작은도서관,경상남도,양산시,85,2500
강변마을작은도서관,경상남도,양산시,55,4000
이편한마을작은도서관,경상남도,양산시,50,5021
대동아파트작은도서관,경상남도,양산시,42,10544
e- 편한작은도서관,경상남도,양산시,42,8407
청어람아파트새마을문고,경상남도,양산시,52,14072
책사랑작은도서관,경상남도,양산시,30,2807
동원로얄듀크작은도서관,경상남도,양산시,45,7802
디딤돌작은도서관,경상남도,양산시,60,14069
쌍용하늘 작은도서관,경상남도,양산시,30,9190
경남아너스빌작은도서관,경상남도,양산시,48,9043
신기주공작은도서관,경상남도,양산시,47,11419
꿈터 작은도서관,경상남도,양산시,48,7589
우방아이유쉘작은도서관,경상남도,양산시,44,5174
미라주글사랑작은도서관,경상남도,양산시,24,3897
대석햇살작은도서관,경상남도,양산시,20,5000
옹달샘작은도서관,경상남도,양산시,35,6629
우리동네작은도서관,경상남도,양산시,17,5281
대동이미지작은도서관,경상남도,양산시,46,5440
웅상푸르지오작은도서관,경상남도,양산시,48,9968
한내들작은도서관,경상남도,양산시,43,7345
화성파크드림작은도서관,경상남도,양산시,45,3210
봉우별떨기작은도서관,경상남도,양산시,45,8719
한일양지뜸작은도서관,경상남도,양산시,48,9054
삼성한마음작은도서관,경상남도,양산시,42,6719
코아루 작은도서관,경상남도,양산시,50,10451
동글이작은도서관,경상남도,양산시,44,2388
다숲작은도서관,경상남도,양산시,38,1460
천성리버작은도서관,경상남도,양산시,32,1410
웅상신원아침도시작은도서관,경상남도,양산시,24,3202
소주동작은도서관,경상남도,양산시,42,4599
웅상종합사회복지관꿈마루작은도서관,경상남도,양산시,30,3472
동원비스타마을작은도서관,경상남도,양산시,18,1203
양우센트럴작은도서관,경상남도,양산시,26,1022
아이비북스작은도서관,경상남도,양산시,24,1018
청라호수도서관,인천광역시,서구,783,45517
미추홀도서관,인천광역시,남동구,1259,402539
청라국제도서관,인천광역시,서구,237,36813
영종하늘도서관,인천광역시,중구,408,29907
수봉도서관,인천광역시,미추홀구,451,84473
영종도서관,인천광역시,중구,257,89645
율목도서관,인천광역시,중구,330,59682
성내도서관,서울특별시,강동구,0,73403
해공도서관,서울특별시,강동구,72,92875
강일도서관,서울특별시,강동구,96,89507
암사도서관,서울특별시,강동구,108,86186
천호도서관,서울특별시,강동구,0,34418
대구광역시립중앙도서관,대구광역시,중구,1392,642116
대구광역시립동부도서관,대구광역시,동구,708,304452
대구광역시립서부도서관,대구광역시,서구,1439,300609
대구광역시립남부도서관,대구광역시,남구,618,311511
대구광역시립수성도서관,대구광역시,수성구,745,288610
대구광역시립두류도서관,대구광역시,달서구,727,195961
연봉도서관,강원도,홍천군,232,51949
백령도서관,인천광역시,옹진군,34,46497
대청도서관,인천광역시,옹진군,50,16912
영흥도서관,인천광역시,옹진군,92,30047
연평도서관,인천광역시,옹진군,30,4936
수비면 작은도서관,경상북도,영양군,6,3400
입암면 작은도서관,경상북도,영양군,23,2800
영양공공도서관,경상북도,영양군,367,87243
푸른누리작은도서관,부산광역시,사하구,60,10697
다모아작은도서관,부산광역시,사하구,13,5673
감천횃불작은도서관,부산광역시,사하구,20,12338
다대도서관,부산광역시,사하구,252,115176
회화나무작은도서관,부산광역시,사하구,80,13121
까치마을작은도서관,부산광역시,사하구,24,4711
오작교작은도서관,부산광역시,사하구,77,14305
마하골길벗작은도서관,부산광역시,사하구,65,12301
당리작은도서관,부산광역시,사하구,55,9589
노을나루길작은도서관,부산광역시,사하구,60,22067
동매누리작은도서관,부산광역시,사하구,68,10928
꿈꾸는작은도서관,부산광역시,사하구,20,9633
무지개작은도서관,부산광역시,사하구,48,9788
두송작은도서관,부산광역시,사하구,70,6381
하단꿈길작은도서관,부산광역시,사하구,62,6568
낫개작은도서관,부산광역시,사하구,129,9147
수풀작은도서관,부산광역시,사하구,71,7479
구평예들작은도서관,부산광역시,사하구,64,8816
학나래도서관,인천광역시,미추홀구,96,52234
독정골어린이도서관,인천광역시,미추홀구,38,16329
복사꽃어린이도서관,인천광역시,미추홀구,25,14820
석바위어린이도서관,인천광역시,미추홀구,35,19265
관교어린이도서관,인천광역시,미추홀구,45,23073
숭의어린이도서관,인천광역시,미추홀구,50,17573
쑥골어린이도서관,인천광역시,미추홀구,50,18671
한우리어린이도서관,인천광역시,미추홀구,24,15859
소금꽃어린이도서관,인천광역시,미추홀구,25,21481
장사래어린이도서관,인천광역시,미추홀구,50,16707
이랑도서관,인천광역시,미추홀구,65,19257
제물포도서관,인천광역시,미추홀구,12,13165
용비도서관,인천광역시,미추홀구,120,20000
담양공공도서관,전라남도,담양군,550,93508
강의리새마을문고,전라남도,담양군,20,2000
담빛길작은도서관,전라남도,담양군,12,1000
대덕문고,전라남도,담양군,80,9550
드림작은도서관,전라남도,담양군,8,1100
병풍리파랑새작은도서관,전라남도,담양군,11,2000
호랑이와곶감그림책도서관,전라남도,담양군,30,1010
대구시립중앙도서관,대구광역시,중구,1169,636912
대구광역시립대봉도서관,대구광역시,중구,678,227206
대구광역시립중앙도서관달성분관,대구광역시,중구,56,12000
2.28민주운동 기념회관,대구광역시,중구,189,43469
대구시청작은도서관,대구광역시,중구,54,46137
중구청 교양정보실,대구광역시,중구,8,19889
중구청소년문화의집 작은도서관,대구광역시,중구,8,3813
남산4동작은도서관,대구광역시,중구,12,6504
동인 느티나무 도서관,대구광역시,중구,40,5879
대구 중구 영어도서관,대구광역시,중구,20,20423
대신동 작은도서관,대구광역시,중구,25,5921
삼덕마루,대구광역시,중구,30,3084
중구노인복지관도서관,대구광역시,중구,22,1236
성지문고,대구광역시,중구,70,2184
남산그린 새마을문고,대구광역시,중구,30,2200
남산휴먼시아 1단지 주민문고,대구광역시,중구,6,2860
남산기독교종합사회복지관 작은도서관,대구광역시,중구,40,3600
남산휴먼시아 2단지 마을도서관,대구광역시,중구,35,5000
남산다락골 작은도서관,대구광역시,중구,34,11051
공감 작은도서관,대구광역시,중구,30,2200
고맙습니다 이삭 작은도서관,대구광역시,중구,24,3600
동네작은도서관,대구광역시,중구,20,2623
잔치작은도서관,대구광역시,중구,30,1050
서문시장작은도서관,대구광역시,중구,20,5699
선으로 가는 선 서예 작은도서관,대구광역시,중구,22,1300
길을 찾는 작은도서관,대구광역시,중구,12,1050
재건도서관,대구광역시,중구,15,3000
작은도서관 에듀공감,대구광역시,중구,20,2000
주산도서관,충청남도,보령시,113,37197
죽정도서관,충청남도,보령시,182,36249
대천항작은도서관,충청남도,보령시,20,2780
오천작은도서관,충청남도,보령시,28,6811
중앙도서관,충청남도,보령시,298,58661
문화의전당작은도서관,충청남도,보령시,24,4559
충남도서관,충청남도,홍성,869,95271
대전효문화진흥원 효문화정보실,대전광역시,중구,20,1371
말하는 영어도서관,대전광역시,중구,20,1000
남대전푸른문고,대전광역시,중구,30,6692
목동어린이도서관,대전광역시,중구,24,3300
대전다문화아동센터 도서관,대전광역시,중구,40,10200
복된문고,대전광역시,중구,30,3110
글마루도서관,대전광역시,중구,24,1100
깊은산속 옹달샘,대전광역시,중구,35,1600
푸른솔문고,대전광역시,중구,18,2100
하하호호 어린이도서관,대전광역시,중구,18,2700
짝꿍마을어린이도서관,대전광역시,중구,6,8118
금호새마을문고,대전광역시,중구,15,3500
어린이책 읽새 골목길 작은도서관,대전광역시,중구,30,3800
청춘 책방 ''''''''책 한그릇'''''''',대전광역시,중구,20,2552
중촌마을어린이도서관''''''''짜장'''''''',대전광역시,중구,25,7450
해바라기문고,대전광역시,중구,15,1500
사랑의 문고,대전광역시,중구,25,1580
오류동 삼성아파트도서관,대전광역시,중구,26,8751
센트럴파크2단지문고,대전광역시,중구,16,7983
성락작은도서관,대전광역시,중구,18,14712
꾸러기 도서관,대전광역시,중구,10,1500
한마음문고,대전광역시,중구,25,1800
유천어린이도서관,대전광역시,중구,20,3000
주안문고,대전광역시,중구,12,1912
성민도서관,대전광역시,중구,50,2610
문창비젼문고,대전광역시,중구,10,1200
새마음 작은도서관,대전광역시,중구,28,1582
대전점자도서관,대전광역시,중구,30,10581
열두광주리어린이도서관,대전광역시,중구,25,2500
대전문화 별찌작은도서관,대전광역시,중구,18,2127
늘푸른도서관,대전광역시,중구,30,12000
알짬마을도서관,대전광역시,중구,20,7157
맑은샘도서관(문화2동마을문고),대전광역시,중구,24,6986
문화1동마을문고,대전광역시,중구,15,4963
버드내작은도서관(유천2동마을문고),대전광역시,중구,14,6174
태평1동 마을문고,대전광역시,중구,20,6877
오류동마을문고,대전광역시,중구,20,3617
용두동 마을문고,대전광역시,중구,22,4350
부사동 마을문고,대전광역시,중구,20,5364
돌다리작은도서관(석교동마을문고),대전광역시,중구,15,6708
대흥마을문고,대전광역시,중구,9,2527
중촌동마을문고,대전광역시,중구,6,3462
목동 마을문고,대전광역시,중구,56,4560
은행선화동마을문고,대전광역시,중구,20,4100
한마음작은도서관,대전광역시,중구,90,1625
산성마을문고,대전광역시,중구,30,5858
대전영어도서관,대전광역시,중구,38,1329
문창동마을문고,대전광역시,중구,10,1450
한빛작은도서관,대전광역시,중구,30,6000
중앙도서관,울산광역시,북구,447,125219
매곡도서관,울산광역시,북구,220,27723
기적의도서관,울산광역시,북구,172,56475
농소1동도서관,울산광역시,북구,188,52852
농소3동도서관,울산광역시,북구,256,51838
염포양정도서관,울산광역시,북구,160,54656
명촌어린이도서관,울산광역시,북구,136,25131
홍성군글마루작은도서관,충청남도,홍성군,28,8580
광천공공도서관,충청남도,홍성군,132,91454
형설지공군립도서관,전라북도,무주군,134,43774
영동인터넷고등학교 도서관,충청북도,영동군,24,7011
황간고등학교월류문화센터,충청북도,영동군,20,11672
학마을 글샘터,충청북도,영동군,48,14883
상촌중학교 학습정보실,충청북도,영동군,26,7839
책드림도서관,충청북도,영동군,54,14964
용문중학교 도서관,충청북도,영동군,36,11356
황간중학교 도서관,충청북도,영동군,36,12997
심천중학교 도서관,충청북도,영동군,36,5726
영신중학교 도서관,충청북도,영동군,36,10465
정수중학교 도서관,충청북도,영동군,20,5480
추풍령중학교도서관,충청북도,영동군,30,9187
구룡초등학교 도담도서관,충청북도,영동군,24,11142
매곡초등학교 매화골 도서관,충청북도,영동군,28,3149
부용초등학교 부용햇살글마을,충청북도,영동군,57,15148
상촌초등학교 도서관,충청북도,영동군,18,6487
양강초등학교도서실,충청북도,영동군,30,10321
양산초등학교 비봉글샘터,충청북도,영동군,28,7443
영동초등학교 도서관,충청북도,영동군,40,14623
용화초등학교,충청북도,영동군,28,11098
이수초등학교도서관,충청북도,영동군,65,17365
초강초등학교 도서관,충청북도,영동군,20,9658
추풍령초등학교학교도서관,충청북도,영동군,50,12039
학산초등학교 도서관,충청북도,영동군,20,10712
황간초등학교 월류글터도서실,충청북도,영동군,16,12597
주곡작은도서관,충청북도,영동군,10,1400
참배움의 집,충청북도,영동군,15,1890
꿈이있는문고,충청북도,영동군,24,2500
황간면청소년공부방,충청북도,영동군,72,1600
구세군양강도서관,충청북도,영동군,30,2300
묵정마을문고,충청북도,영동군,20,2500
학산면청소년공부방,충청북도,영동군,24,3460
꿈이자라는문고,충청북도,영동군,8,4000
심천구세군,충청북도,영동군,30,1600
궁촌작은도서관,충청북도,영동군,8,1450
갈마루작은도서관,충청북도,영동군,30,4500
리즈영어작은도서관,충청북도,영동군,12,1500
어깨동무작은도서관,충청북도,영동군,32,21217
레인보우영동도서관,충청북도,영동군,200,42387
영동도서관,충청북도,영동군,423,74342
유원대학교 도서관,충청북도,영동군,422,182438
영동고등학교 도서관,충청북도,영동군,60,14832
영동산업과학고등학교 도서관,충청북도,영동군,58,9070
세곡도서관,서울특별시,강남구,26,29098
대치1작은도서관,서울특별시,강남구,24,21278
역삼2동작은도서관,서울특별시,강남구,18,10477
신사동작은도서관,서울특별시,강남구,6,6499
압구정동작은도서관,서울특별시,강남구,9,8939
도곡2동 작은도서관,서울특별시,강남구,25,7279
개포4동작은도서관,서울특별시,강남구,8,9629
일원본동 작은도서관,서울특별시,강남구,6,9536
수서동 작은도서관,서울특별시,강남구,12,6423
일원1동 작은도서관,서울특별시,강남구,12,2085
도곡정보문화도서관,서울특별시,강남구,600,83254
논현도서관,서울특별시,강남구,190,48093
정다운도서관,서울특별시,강남구,84,47302
청담도서관,서울특별시,강남구,114,28599
대치도서관,서울특별시,강남구,144,52522
즐거운도서관,서울특별시,강남구,94,33487
행복한도서관,서울특별시,강남구,142,44334
역삼푸른솔도서관,서울특별시,강남구,193,36830
역삼도서관,서울특별시,강남구,83,34848
논현정보도서관,서울특별시,강남구,22,18860
열린도서관,서울특별시,강남구,30,29751
삼성도서관,서울특별시,강남구,64,21532
못골도서관,서울특별시,강남구,196,26862
못골한옥어린이도서관,서울특별시,강남구,68,12221
검암도서관,인천광역시,서구,402,27912
석남도서관,인천광역시,서구,236,64126
검단도서관,인천광역시,서구,369,93873
심곡도서관,인천광역시,서구,189,71273
신석도서관,인천광역시,서구,83,66324
서구도서관,인천광역시,서구,856,10857
청라호수도서관,인천광역시,서구,337,25252
청라국제도서관,인천광역시,서구,142,13816
민들레작은도서관,인천광역시,서구,30,2876
미추홀 작은도서관,인천광역시,서구,15,3500
사랑의 작은도서관 북카페,인천광역시,서구,6,11029
새일꾼 작은도서관,인천광역시,서구,6,1520
서인천월드메르디앙 문고,인천광역시,서구,12,4017
솔지마을 문고,인천광역시,서구,30,8235
수정 작은도서관,인천광역시,서구,12,5745
어질내 문고,인천광역시,서구,20,2215
엑슬루타워 북카페,인천광역시,서구,50,5273
연희주민 문고,인천광역시,서구,20,4300
원당 작은 영어도서관,인천광역시,서구,35,8000
자작나무도서관,인천광역시,서구,20,2092
정다운 도서관,인천광역시,서구,20,5131
조은생각 BOOK CAFE,인천광역시,서구,12,2800
책노리 도서관,인천광역시,서구,17,2500
청라 책나누미 CAFE,인천광역시,서구,30,11614
청소년인문학도서관 느루,인천광역시,서구,40,4904
푸른 도서관,인천광역시,서구,100,2800
푸른샘 어린이도서관,인천광역시,서구,16,12379
푸른숲 작은도서관,인천광역시,서구,20,8988
풀뿌리 미디어 도서관,인천광역시,서구,20,5120
하늘샘 작은도서관,인천광역시,서구,50,3100
한국민들레도서관,인천광역시,서구,60,30000
행복한나라 문고,인천광역시,서구,15,3100
회화나무 도서관,인천광역시,서구,20,11251
힐데스 작은도서관,인천광역시,서구,31,1337
가재울 작은도서관,인천광역시,서구,40,8644
가정골 북카페,인천광역시,서구,30,5504
가정동 작은도서관,인천광역시,서구,24,5000
거북골 작은도서관,인천광역시,서구,6,13705
건지골 마을문고,인천광역시,서구,28,10448
검4랑 꿈도서관,인천광역시,서구,80,9816
검단3동 작은도서관,인천광역시,서구,50,11873
금곡하나아파트 문고,인천광역시,서구,12,4991
꿈꾸는 나무 도서관,인천광역시,서구,30,3300
꿈꾸는 작은도서관,인천광역시,서구,8,4797
꿈나무 작은도서관,인천광역시,서구,25,11761
꿈드림 작은도서관,인천광역시,서구,30,1600
꿈마을 작은도서관,인천광역시,서구,15,1900
꿈빛도서관,인천광역시,서구,20,17000
꿈사랑 작은도서관,인천광역시,서구,40,9228
느티나무 도서관,인천광역시,서구,24,6525
드림파크 어울림 1단지 문고,인천광역시,서구,15,4000
드림하이 작은도서관,인천광역시,서구,26,3441
물푸레 작은도서관,인천광역시,서구,18,18116
청초랑 북카페,인천광역시,서구,50,3650
푸른길 작은도서관,인천광역시,서구,119,2500
5B2F(빠삐뚜엡) 작은도서관,인천광역시,서구,34,2334
행복한 작은도서관,인천광역시,서구,28,1406
다복한작은도서관,인천광역시,서구,10,1250
블루힐도서관,인천광역시,서구,30,1043
베르힐도서관,인천광역시,서구,28,1428
풀잎 작은도서관,부산광역시,영도구,42,9547
한울마당 작은도서관,부산광역시,영도구,30,7899
남항 작은도서관,부산광역시,영도구,32,10816
어울림마당 작은도서관,부산광역시,영도구,24,5457
해돋이 작은도서관,부산광역시,영도구,20,2215
영선나릿 작은도서관,부산광역시,영도구,20,6384
담쟁이 작은도서관,부산광역시,영도구,20,4685
찬새미 작은도서관,부산광역시,영도구,12,4533
영도구청 도서자료관,부산광역시,영도구,20,10208
동일 작은도서관,부산광역시,영도구,50,8000
꿈나무 작은도서관,부산광역시,영도구,60,1500
홀리조이 작은도서관,부산광역시,영도구,8,3000
은혜 작은도서관,부산광역시,영도구,50,3000
절영 작은도서관,부산광역시,영도구,30,1130
다문화 작은도서관 모두,부산광역시,영도구,26,6000
리빙스턴 작은도서관,부산광역시,영도구,18,1255
영도도서관,부산광역시,영도구,530,167827
영도어린이영어도서관,부산광역시,영도구,61,34211
청도어린이도서관,경상북도,청도군,100,42750
청도작은도서관,경상북도,청도군,37,9984
중앙도서관,경기도,시흥시,730,173872
능곡도서관,경기도,시흥시,325,88287
대야도서관,경기도,시흥시,422,182500
군자도서관,경기도,시흥시,195,68256
대야어린이도서관,경기도,시흥시,390,105859
정왕어린이도서관,경기도,시흥시,80,53965
신천도서관,경기도,시흥시,45,42793
매화도서관,경기도,시흥시,75,40238
월곶도서관,경기도,시흥시,129,31118
장곡도서관,경기도,시흥시,125,27750
민들레작은도서관,경기도,시흥시,36,11725
꿈나무작은도서관,경기도,시흥시,43,17521
우리동네작은도서관,경기도,시흥시,41,10106
감나무골작은도서관,경기도,시흥시,36,12461
학미숲작은도서관,경기도,시흥시,40,12012
은행골작은도서관,경기도,시흥시,20,7933
오이도작은도서관,경기도,시흥시,55,8492
함현공원작은도서관,경기도,시흥시,15,8709
늠내골실버작은도서관,경기도,시흥시,36,6315
옥구공원숲속도서관,경기도,시흥시,24,3155
검바위초작은도서관,경기도,시흥시,40,2423
삼립식품작은도서관,경기도,시흥시,36,3442
평안골작은도서관,경기도,시흥시,36,4982
꿈빛작은도서관,경기도,시흥시,27,3265
새재골작은도서관,경기도,시흥시,32,2712
솔숲작은도서관,경기도,시흥시,15,1823
진안도서관,경기도,화성시,408,63996
비봉작은도서관,경기도,화성시,31,9280
병점도서관,경기도,화성시,357,145447
봉담도서관,경기도,화성시,766,105904
삼괴도서관,경기도,화성시,192,103679
남양도서관,경기도,화성시,756,149194
송산도서관,경기도,화성시,622,69627
태안도서관,경기도,화성시,342,110935
정남도서관,경기도,화성시,103,37374
동탄중앙이음터도서관,경기도,화성시,480,82932
두빛나래어린이도서관,경기도,화성시,62,74917
둥지나래어린이도서관,경기도,화성시,82,73354
기아행복마루 작은도서관,경기도,화성시,30,13407
샘내작은도서관,경기도,화성시,26,16757
동탄복합문화센터도서관,경기도,화성시,936,173597
남산타운문화체육센터어린이도서관,서울특별시,중구,65,23140
중구구립신당도서관,서울특별시,중구,130,53639
중구구립도서관,서울특별시,중구,94,50032
손기정정보도서관,서울특별시,중구,25,24595
신장도서관,경기도,하남시,416,188320
덕풍도서관,경기도,하남시,170,16785
나룰도서관,경기도,하남시,575,165639
울주옹기종기도서관,울산광역시,울주군,168,106435
울주선바위도서관,울산광역시,울주군,418,118915
울주도서관,울산광역시,울주군,532,223382
한누리작은도서관,울산광역시,울주군,10,4210
동백작은도서관,울산광역시,울주군,16,13339
대덕도서관,울산광역시,울주군,63,20071
읍성작은도서관,울산광역시,울주군,26,4084
느티나무작은도서관,울산광역시,울주군,16,4092
작천정작은도서관,울산광역시,울주군,28,3349
가지산작은도서관,울산광역시,울주군,10,6976
웅촌작은도서관,울산광역시,울주군,6,6517
늘푸름작은도서관,울산광역시,울주군,16,7203
해오름작은도서관,울산광역시,울주군,15,8192
범서작은도서관,울산광역시,울주군,12,4288
온양작은도서관,울산광역시,울주군,38,3187
책마을작은도서관,울산광역시,울주군,30,5776
신가도서관,광주광역시,광산구,500,54220
운남어린이도서관,광주광역시,광산구,203,35395
이야기꽃도서관,광주광역시,광산구,500,19823
장덕도서관,광주광역시,광산구,581,38787
송정도서관,광주광역시,광산구,604,203952
첨단도서관,광주광역시,광산구,200,44236
사직도서관,광주광역시,남구,656,216298
금호평생교육관,광주광역시,남구,949,187938
문화정보도서관,광주광역시,남구,350,87873
푸른길도서관,광주광역시,남구,150,32260
산수도서관,광주광역시,동구,565,164412
계림꿈나무도서관,광주광역시,동구,108,22312
중앙도서관,광주광역시,동구,790,239985
무등도서관,광주광역시,북구,1004,335460
중앙도서관 석봉분관,광주광역시,북구,424,17583
운암도서관,광주광역시,북구,275,53330
일곡도서관,광주광역시,북구,468,135935
학생교육문화회관,광주광역시,서구,696,182804
학생독립운동기념회관,광주광역시,서구,351,196654
상록도서관,광주광역시,서구,238,33969
서구공공도서관,광주광역시,서구,440,54200
어린이생태학습도서관,광주광역시,서구,150,35842
춘천시립도서관,강원도,춘천시,690,215303
시립청소년도서관,강원도,춘천시,653,31082
동내도서관,강원도,춘천시,97,59525
신사우도서관,강원도,춘천시,186,68493
소양도서관,강원도,춘천시,38,36757
남산도서관,강원도,춘천시,76,46794
서면도서관,강원도,춘천시,92,30592
평창군립대화도서관,강원도,평창군,90,43931
평창군립봉평도서관,강원도,평창군,75,22667
평창군립진부도서관,강원도,평창군,95,51904
평창군립대관령도서관,강원도,평창군,79,4203
꿈여울도서관,강원도,평창군,25,3817
HAPPY700 용평도서관,강원도,평창군,40,4837
방림계촌도서관,강원도,평창군,50,3694
장성공공도서관,전라남도,장성군,1000,102753
송파글마루도서관,서울특별시,송파구,414,66700
송파어린이도서관,서울특별시,송파구,60,84582
거마도서관,서울특별시,송파구,244,43658
소나무언덕1호,서울특별시,송파구,38,18317
소나무언덕2호,서울특별시,송파구,72,22084
소나무언덕3호,서울특별시,송파구,84,24512
소나무언덕4호,서울특별시,송파구,45,16988
소나무언덕 잠실본동,서울특별시,송파구,63,22534
송파어린이영어,서울특별시,송파구,60,18508
돌마리도서관,서울특별시,송파구,55,16360
송파위례도서관,서울특별시,송파구,140,15645
익산모현도서관,전라북도,익산시,1087,127693
익산마동도서관,전라북도,익산시,968,196216
익산영등도서관,전라북도,익산시,838,140516
익산부송도서관,전라북도,익산시,718,69577
익산황등도서관,전라북도,익산시,100,8760
새마을문고정촌지회(정촌글샘),경상남도,진주시,8,8400
가호동 새마을 작은도서관,경상남도,진주시,10,8300
금산 아이파크 새마을 작은도서관,경상남도,진주시,36,15118
꿈꾸는 도서관,경상남도,진주시,15,5021
동일스위트 혜윰 작은도서관,경상남도,진주시,30,5000
망경한보 도담 작은도서관,경상남도,진주시,30,1500
상대동 새마을 열린도서관,경상남도,진주시,20,6673
상대1동 새마을문고(현대분소),경상남도,진주시,0,0
상봉동 봉원 새마을작은도서관,경상남도,진주시,6,2500
상봉동 새마을 작은도서관,경상남도,진주시,25,4750
상평동 새마을 작은도서관,경상남도,진주시,24,4589
신안1차주공아파트새마을문고,경상남도,진주시,13,2000
이현 High Class 웰가 새마을문고,경상남도,진주시,64,7034
집현현대 작은도서관,경상남도,진주시,36,8780
푸르미 작은도서관,경상남도,진주시,85,10557
평거동 새마을작은도서관,경상남도,진주시,20,8800
하대1동 새마을작은도서관,경상남도,진주시,16,3208
글샘누리 작은도서관,경상남도,진주시,24,7374
초록에뜰 작은도서관,경상남도,진주시,25,3800
동산 새마을작은도서관,경상남도,진주시,12,2650
하곡인문도서관,경상남도,진주시,30,5000
혁신도시LH8단지 도서관,경상남도,진주시,32,1000
책읽는 푸른마을도서관,경상남도,진주시,40,6948
가좌3 주공 작은 도서관,경상남도,진주시,30,7100
금빛마을 작은 도서관,경상남도,진주시,50,18553
위브 글마루 도서관,경상남도,진주시,74,7030
꿈이있는 도서관,경상남도,진주시,10,2000
꿈아루 도서관,경상남도,진주시,0,0
주약현대아파트 마을도서관 다락,경상남도,진주시,40,5435
진주여성회 달팽이어린이 도서관,경상남도,진주시,100,13169
참좋은 작은도서관,경상남도,진주시,10,3072
하늘소 작은도서관,경상남도,진주시,0,0
행복소리 작은도서관,경상남도,진주시,25,1250
착한마음 도서관,경상남도,진주시,10,6800
진주YWCA 다문화작은도서관 ‘단비’,경상남도,진주시,42,2000
핑크드림 도서관,경상남도,진주시,24,5898
동진주 어린이 작은도서관,경상남도,진주시,17,3317
디딤돌 문고,경상남도,진주시,45,11500
제자교회부설 예닮 작은도서관,경상남도,진주시,18,2012
중앙성결 문고,경상남도,진주시,15,1600
초전푸르지오1단지 도서관,경상남도,진주시,25,9469
온새미로도서관,경상남도,진주시,25,6080
조은마음도서관,경상남도,진주시,10,5757
연세 작은도서관,경상남도,진주시,0,0
미누마루도서관,경상남도,진주시,40,2819
자이 작은도서관,경상남도,진주시,30,6214
빛나는 혁신LH 1단지 도서관,경상남도,진주시,18,3300
경남혁신 꿈꾸는 도서관,경상남도,진주시,24,5219
초전 해모로 루비채 2단지 북카페,경상남도,진주시,50,4600
숲소리 북카페,경상남도,진주시,28,4000
올리움 작은도서관,경상남도,진주시,12,3182
상대한보 작은도서관,경상남도,진주시,0,0
채움 작은도서관,경상남도,진주시,100,2000
정촌 작은도서관,경상남도,진주시,8,3200
더퀸즈웰가도서관,경상남도,진주시,18,1800
T.L.T작은도서관,경상남도,진주시,10,1150
진주은평도서관,경상남도,진주시,0,2000
새마을문고정촌지회(정촌글샘),경상남도,진주시,8,8400
가호동 새마을 작은도서관,경상남도,진주시,10,8300
금산 아이파크 새마을 작은도서관,경상남도,진주시,36,15118
꿈꾸는 도서관,경상남도,진주시,15,5021
동일스위트 혜윰 작은도서관,경상남도,진주시,30,5000
망경한보 도담 작은도서관,경상남도,진주시,30,1500
상대동 새마을 열린도서관,경상남도,진주시,20,6673
상대1동 새마을문고(현대분소),경상남도,진주시,0,0
상봉동 봉원 새마을작은도서관,경상남도,진주시,6,2500
상봉동 새마을 작은도서관,경상남도,진주시,25,4750
상평동 새마을 작은도서관,경상남도,진주시,24,4589
신안1차주공아파트새마을문고,경상남도,진주시,13,2000
이현 High Class 웰가 새마을문고,경상남도,진주시,64,7034
집현현대 작은도서관,경상남도,진주시,36,8780
푸르미 작은도서관,경상남도,진주시,85,10557
평거동 새마을작은도서관,경상남도,진주시,20,8800
하대1동 새마을작은도서관,경상남도,진주시,16,3208
글샘누리 작은도서관,경상남도,진주시,24,7374
초록에뜰 작은도서관,경상남도,진주시,25,3800
동산 새마을작은도서관,경상남도,진주시,12,2650
하곡인문도서관,경상남도,진주시,30,5000
혁신도시LH8단지 도서관,경상남도,진주시,32,1000
책읽는 푸른마을도서관,경상남도,진주시,40,6948
가좌3 주공 작은 도서관,경상남도,진주시,30,7100
금빛마을 작은 도서관,경상남도,진주시,50,18553
위브 글마루 도서관,경상남도,진주시,74,7030
꿈이있는 도서관,경상남도,진주시,10,2000
꿈아루 도서관,경상남도,진주시,0,0
주약현대아파트 마을도서관 다락,경상남도,진주시,40,5435
진주여성회 달팽이어린이 도서관,경상남도,진주시,100,13169
참좋은 작은도서관,경상남도,진주시,10,3072
하늘소 작은도서관,경상남도,진주시,0,0
행복소리 작은도서관,경상남도,진주시,25,1250
착한마음 도서관,경상남도,진주시,10,6800
진주YWCA 다문화작은도서관 ‘단비’,경상남도,진주시,42,2000
핑크드림 도서관,경상남도,진주시,24,5898
동진주 어린이 작은도서관,경상남도,진주시,17,3317
디딤돌 문고,경상남도,진주시,45,11500
제자교회부설 예닮 작은도서관,경상남도,진주시,18,2012
중앙성결 문고,경상남도,진주시,15,1600
초전푸르지오1단지 도서관,경상남도,진주시,25,9469
온새미로도서관,경상남도,진주시,25,6080
조은마음도서관,경상남도,진주시,10,5757
연세 작은도서관,경상남도,진주시,0,0
미누마루도서관,경상남도,진주시,40,2819
자이 작은도서관,경상남도,진주시,30,6214
빛나는 혁신LH 1단지 도서관,경상남도,진주시,18,3300
경남혁신 꿈꾸는 도서관,경상남도,진주시,24,5219
초전 해모로 루비채 2단지 북카페,경상남도,진주시,50,4600
숲소리 북카페,경상남도,진주시,28,4000
올리움 작은도서관,경상남도,진주시,12,3182
상대한보 작은도서관,경상남도,진주시,0,0
채움 작은도서관,경상남도,진주시,100,2000
정촌 작은도서관,경상남도,진주시,8,3200
더퀸즈웰가도서관,경상남도,진주시,18,1800
T.L.T작은도서관,경상남도,진주시,10,1150
진주은평도서관,경상남도,진주시,0,2000
다산도서관,경상북도,고령군,193,14274
자은구영마을도서관,전라남도,신안군,18,2885
임자작은도서관,전라남도,신안군,20,3573
장산작은도서관,전라남도,신안군,15,2126
하의작은도서관,전라남도,신안군,15,2029
Wonderful english 작은도서관,전라남도,신안군,10,1000
도초 작은도서관,전라남도,신안군,25,5859
지도 작은도서관,전라남도,신안군,25,5105
증도 작은도서관,전라남도,신안군,25,5141
흑산자산문화도서관,전라남도,신안군,30,14649
신안군립도서관,전라남도,신안군,88,43156
고성군립간성도서관,강원도,고성군,154,58173
토성공공도서관,강원도,고성군,193,41425
선경도서관,경기도,팔달구,584,422499
중앙도서관,경기도,팔달구,461,250308
창룡도서관,경기도,팔달구,494,60354
화서다산도서관,경기도,팔달구,348,43641
호매실도서관,경기도,권선구,616,83926
한림도서관,경기도,권선구,453,51940
버드내도서관,경기도,권선구,550,54510
북수원도서관,경기도,장안구,809,201576
대추골도서관,경기도,장안구,500,72094
일월도서관,경기도,장안구,635,59757
광교홍재도서관,경기도,영통구,958,79290
태장마루도서관,경기도,영통구,558,101966
슬기샘어린이도서관,경기도,장안구,471,143676
지혜샘어린이도서관,경기도,권선구,516,144358
바른샘어린이도서관,경기도,영통구,500,143779
영통도서관,경기도,영통구,825,270641
희망샘도서관,경기도,권선구,137,35920
사랑샘도서관,경기도,영통구,63,26951
반달어린이도서관,경기도,영통구,120,38498
화홍어린이도서관,경기도,팔달구,60,15527
인도래작은도서관,경기도,팔달구,54,6184
서수원도서관,경기도,권선구,730,198330
한아름도서관,경기도,팔달구,80,51980
매여울도서관,경기도,영통구,475,25094
광교푸른숲도서관,경기도,영통구,632,26230
진천군립도서관,충청북도,진천군,372,75302
진천군립광혜원도서관,충청북도,진천군,100,52332
생거진천혁신도시도서관,충청북도,진천군,120,26121
목포시립도서관,전라남도,목포시,961,290530
목포어린이도서관,전라남도,목포시,216,60928
노을도서관,전라남도,목포시,18,2157
행복마을도서관,전라남도,목포시,16,3222
삼학도서관,전라남도,목포시,19,3866
소나무도서관,전라남도,목포시,30,3155
숲속도서관,전라남도,목포시,20,4165
청개구리도서관,전라남도,목포시,40,4677
푸른솔도서관,전라남도,목포시,40,4744
연 꽃도서관,전라남도,목포시,36,4758
초롱초롱도서관,전라남도,목포시,53,7447
무지개도서관,전라남도,목포시,36,8006
반딧불도서관,전라남도,목포시,30,7611
꿈나무도서관,전라남도,목포시,19,8802
옹달샘도서관,전라남도,목포시,35,7427
은하수도서관,전라남도,목포시,56,11279
꿈돌이도서관,전라남도,목포시,60,10611
피터팬작은도서관,전라남도,목포시,18,9869
샛별작은도서관,전라남도,목포시,28,1849
푸른숲작은도서관,전라남도,목포시,30,1736
호돌이작은도서관,전라남도,목포시,20,1707
음성도서관,충청북도,음성군,255,53662
금왕도서관,충청북도,음성군,170,58900
대소도서관,충청북도,음성군,100,39000
감곡도서관,충청북도,음성군,160,30362
고창군립도서관,전라북도,고창군,158,61746
고창군립성호도서관,전라북도,고창군,159,40543
고수해마루작은도서관,전라북도,고창군,13,10868
아산선운산작은도서관,전라북도,고창군,20,9159
대산큰별작은도서관,전라북도,고창군,8,5344
무장글샘작은도서관,전라북도,고창군,10,5155
글마루작은도서관,전라북도,고창군,36,13603
문화정보도서관,광주광역시,남구,350,95997
푸른길도서관,광주광역시,남구,150,39487
청소년도서관,광주광역시,남구,218,32355
경주시립도서관,경상북도,경주시,400,202610
송화도서관,경상북도,경주시,320,60285
중앙도서관,경상북도,경주시,58,34247
감포도서관,경상북도,경주시,12,57603
칠평도서관,경상북도,경주시,130,58118
단석도서관,경상북도,경주시,46,54327
증평군립도서관,충청북도,증평군,601,56931
당진시립중앙도서관,충청남도,당진시,700,119597
당진시립합덕도서관,충청남도,당진시,200,46744
당진시립송악도서관,충청남도,당진시,177,56854
송악샘터작은도서관,충청남도,당진시,50,14081
송악해나루작은도서관,충청남도,당진시,44,15034
고대웃음꽃작은도서관,충청남도,당진시,25,17193
석문생각나무작은도서관,충청남도,당진시,31,19402
대호지책나래작은도서관,충청남도,당진시,50,10534
순성반딧불이작은도서관,충청남도,당진시,34,16752
신평거산작은도서관,충청남도,당진시,40,21395
신평청소년작은도서관,충청남도,당진시,100,9988
송산개미작은도서관,충청남도,당진시,45,19916
원당꿈초롱작은도서관,충청남도,당진시,80,14719
일곡도서관,광주광역시,북구,468,137330
운암도서관,광주광역시,북구,275,57182
꿈나무 작은도서관,광주광역시,북구,18,7654
동림동 작은도서관,광주광역시,북구,32,15387
두암1동 작은도서관,광주광역시,북구,20,2940
새싹을의글방 두암2동 작은도서관,광주광역시,북구,15,5731
고맙습니다. 두암3동 작은도서관,광주광역시,북구,18,9534
매곡동 작은도서관,광주광역시,북구,10,3795
문흥2동 작은도서관,광주광역시,북구,12,7596
삼각동 작은도서관,광주광역시,북구,14,3008
시화문화마을 작은도서관,광주광역시,북구,60,3604
신안동 작은도서관,광주광역시,북구,20,6832
양산동 작은도서관,광주광역시,북구,42,3574
오치1동 꿈나무 작은도서관,광주광역시,북구,30,6210
오치2동 작은도서관,광주광역시,북구,12,7056
용봉 작은도서관,광주광역시,북구,20,7999
운암1동 큰꿈 작은도서관,광주광역시,북구,8,4864
운암2동 작은도서관,광주광역시,북구,7,2921
운암3동 황계 작은도서관,광주광역시,북구,8,10508
중앙동 작은도서관,광주광역시,북구,9,2545
중흥1동 작은도서관,광주광역시,북구,12,2796
징검다리 작은도서관,광주광역시,북구,30,8160
풍향동 작은도서관,광주광역시,북구,50,4226
햇살마루 작은도서관,광주광역시,북구,20,12300
BS작은도서관,광주광역시,북구,16,1000
CUM역사도서관,광주광역시,북구,12,1200
ESR작은도서관,광주광역시,북구,20,6120
가람문고,광주광역시,북구,22,1084
각화문고,광주광역시,북구,15,2000
강변문고,광주광역시,북구,30,2168
개똥벌레어린이도서관,광주광역시,북구,8,3886
광주아름다운작은도서관,광주광역시,북구,20,3500
그리심문고,광주광역시,북구,62,4000
기쁘고즐거운도서관,광주광역시,북구,30,2500
꿈꾸는아이들,광주광역시,북구,10,3000
꿈나무도서관,광주광역시,북구,8,1700
꿈드림작은도서관,광주광역시,북구,24,1000
꿈이있는작은도서관,광주광역시,북구,23,2500
꿈틀어린이작은도서관,광주광역시,북구,25,1400
늘빛작은도서관,광주광역시,북구,28,1200
늘해랑작은도서관,광주광역시,북구,8,3000
늘행복한작은도서관,광주광역시,북구,15,1600
다솜울작은도서관,광주광역시,북구,8,9950
다솜작은도서관,광주광역시,북구,30,1434
도담도담어린이도서관,광주광역시,북구,20,15000
동이트는작은도서관,광주광역시,북구,50,12100
들꽃도서관,광주광역시,북구,50,10212
망월도서관,광주광역시,북구,10,3000
매곡작은도서관,광주광역시,북구,18,4100
모해작은도서관,광주광역시,북구,30,3400
무진교육문화센터문고,광주광역시,북구,12,5000
문산작은도서관,광주광역시,북구,12,1500
문흥골문고,광주광역시,북구,30,4800
바람개비작은도서관,광주광역시,북구,40,15200
밝은마음문고,광주광역시,북구,11,1500
백합작은도서관,광주광역시,북구,22,1000
복지애숲작은도서관,광주광역시,북구,20,1100
북소리작은도서관,광주광역시,북구,15,1300
빛고을두암문고,광주광역시,북구,24,2500
사랑의문고,광주광역시,북구,20,2000
사임당작은도서관,광주광역시,북구,20,20000
새생명작은도서관,광주광역시,북구,20,2700
새에덴작은도서관,광주광역시,북구,25,1000
생각나무숲작은도서관,광주광역시,북구,15,4200
생각나무작은도서관,광주광역시,북구,24,6000
생각놀이터작은도서관,광주광역시,북구,8,2001
생각이크는도서관,광주광역시,북구,20,12100
성산작은도서관,광주광역시,북구,20,1200
세계로문고,광주광역시,북구,50,8000
송운작은도서관,광주광역시,북구,13,1500
신광작은도서관,광주광역시,북구,55,3450
신용작은도서관,광주광역시,북구,30,4100
신원작은도서관문고,광주광역시,북구,30,3300
신일작은도서관,광주광역시,북구,12,6000
아델리움꿈사랑작은도서관,광주광역시,북구,35,4408
아름다운작은도서관,광주광역시,북구,10,6000
앰플작은도서관,광주광역시,북구,12,20000
양산작은도서관,광주광역시,북구,30,1500
어울매작은도서관,광주광역시,북구,20,2700
에덴작은도서관,광주광역시,북구,50,20100
에이스문고,광주광역시,북구,20,1200
여우고개어린이문고,광주광역시,북구,28,2500
연꽃못작은도서관,광주광역시,북구,12,3330
연제신안작은도서관,광주광역시,북구,24,3500
연제큰꿈작은도서관문고,광주광역시,북구,40,4900
예그리나작은도서관,광주광역시,북구,8,1549
예은작은도서관,광주광역시,북구,15,2000
오치세우는작은도서관,광주광역시,북구,40,2960
용봉주공작은도서관,광주광역시,북구,15,2795
우치작은도서관,광주광역시,북구,25,20100
웃음꽃도서관,광주광역시,북구,9,20200
은혜작은도서관,광주광역시,북구,11,1600
임동뜨란채희망도서관,광주광역시,북구,20,3200
임동청소년문고,광주광역시,북구,10,2624
자우리작은도서관,광주광역시,북구,12,4347
자윤작은도서관,광주광역시,북구,6,20000
주민작은도서관,광주광역시,북구,15,1600
주안문고,광주광역시,북구,12,10000
중흥작은도서관,광주광역시,북구,12,2500
참좋은작은도서관,광주광역시,북구,6,4000
참터문고,광주광역시,북구,10,4000
책과벗하는사랑방,광주광역시,북구,33,2000
책돌이도서관,광주광역시,북구,36,12500
책향기작은도서관,광주광역시,북구,15,3200
첨단자이2단지작은도서관,광주광역시,북구,10,1200
청년센터아카이브,광주광역시,북구,16,20000
친환경도서관버스,광주광역시,북구,20,5600
카리타스작은도서관,광주광역시,북구,29,7167
콩세알작은도서관,광주광역시,북구,12,4700
큰꿈도서관문고,광주광역시,북구,40,8000
탈무드작은도서관,광주광역시,북구,30,6000
파랑새작은도서관,광주광역시,북구,27,3500
푸른꿈문고,광주광역시,북구,40,20000
푸른꿈작은도서관,광주광역시,북구,20,3150
푸른샘작은도서관,광주광역시,북구,50,20000
푸른숲작은도서관(삼각),광주광역시,북구,38,20100
푸른숲작은도서관(첨단),광주광역시,북구,52,1600
풍경채작은도서관,광주광역시,북구,40,9518
풍성한작은도서관,광주광역시,북구,30,5080
핑크드림작은도서관,광주광역시,북구,36,5467
하늘사랑작은도서관,광주광역시,북구,15,1100
하늘씨앗작은도서관,광주광역시,북구,30,2005
하백꿈작은도서관,광주광역시,북구,100,4000
한양수자인작은도서관,광주광역시,북구,25,4627
해누리작은도서관,광주광역시,북구,16,5000
행복나무작은도서관,광주광역시,북구,8,5000
현진에버빌작은도서관,광주광역시,북구,40,5100
효령노인복지타운도서관,광주광역시,북구,31,2200
가온도서관,서울특별시,서울시 중구,93,51188
남산타운문화체육센터 어린이도서관,서울특별시,중구,73,23425
손기정 작은도서관,서울특별시,중구,22,24595
어울림도서관,서울특별시,중구,130,53639
가오도서관,대전광역시,동구,300,103930
용운도서관,대전광역시,동구,350,112540
가양도서관,대전광역시,동구,263,109661
판암도서관,대전광역시,동구,80,34765
무지개도서관,대전광역시,동구,71,31822
성남도서관,대전광역시,동구,120,40262
자양도서관,대전광역시,동구,140,46538
홍도도서관,대전광역시,동구,100,46547
부산진구어린이청소년도서관,부산광역시,부산진구,173,18087
연지동작은도서관,부산광역시,부산진구,40,7479
양정1동작은도서관,부산광역시,부산진구,32,9289
양정2동작은도서관,부산광역시,부산진구,40,6285
부암1동책마루작은도서관,부산광역시,부산진구,20,4872
당감1동작은도서관,부산광역시,부산진구,50,7166
당감4동사랑방마실작은도서관,부산광역시,부산진구,25,4518
개금2동행복마을작은도서관,부산광역시,부산진구,30,4421
범천2동작은도서관,부산광역시,부산진구,10,10074
초읍동책사랑방,부산광역시,부산진구,3,1731
전포1동밭개마을,부산광역시,부산진구,10,1631
전포2동북카페,부산광역시,부산진구,12,2932
당감2동북카페,부산광역시,부산진구,10,744
가야1동가얏골미니도서관,부산광역시,부산진구,8,1353
가야2동책누리북카페,부산광역시,부산진구,30,5591
개금1동책사랑쉼터,부산광역시,부산진구,5,3850
개금2동책마루,부산광역시,부산진구,3,2597
중랑구립정보도서관,서울특별시,중랑구,594,210822
중랑구립면목정보도서관,서울특별시,중랑구,227,87775
중랑숲어린이도서관,서울특별시,중랑구,173,36533
중화어린이도서관,서울특별시,중랑구,30,19478
태백시립도서관,강원도,태백시,180,120643
태백산소드림도서관,강원도,태백시,154,14402
꿈나무도서관,서울특별시,구로구,87,86206
꿈마을도서관,서울특별시,구로구,124,39192
구로구립온누리도서관,서울특별시,구로구,70,32464
개봉어린이도서관,서울특별시,구로구,77,38922
하늘도서관,서울특별시,구로구,105,34677
개봉도서관,서울특별시,구로구,61,25768
글마루한옥어린이도서관,서울특별시,구로구,60,33537
궁동어린이도서관,서울특별시,구로구,150,16753
신도림어린이영어작은도서관,서울특별시,구로구,30,14420
장기도서관,경기도,김포시,460,57766
중봉도서관,경기도,김포시,600,361555
양곡도서관,경기도,김포시,150,78609
고촌도서관,경기도,김포시,162,42725
통진도서관,경기도,김포시,404,126706
거제도서관,경상남도,거제시,538,101017
거창도서관,경상남도,거창군,225,74109
고성도서관,경상남도,고성군,471,92515
김해도서관,경상남도,김해시,1202,342282
남지도서관,경상남도,창녕군,236,79437
남해도서관,경상남도,남해군,214,87061
마산도서관,경상남도,창원시 마산합포구,799,287182
밀양도서관,경상남도,밀양시,273,82924
사천도서관,경상남도,사천시,200,96543
산청도서관,경상남도,산청군,189,87618
삼천포도서관,경상남도,사천시,212,122783
양산도서관,경상남도,양산시,485,116246
의령도서관,경상남도,의령군,267,109096
지혜의바다,경상남도,창원시 마산회원구,384,99601
진동도서관,경상남도,창원시 마산합포구,250,97699
진양도서관,경상남도,진주시,262,86218
진영도서관,경상남도,김해시,249,97699
창녕도서관,경상남도,창녕군,339,101533
창원도서관,경상남도,창원시 성산구,1215,321624
통영도서관,경상남도,통영시,303,96380
하남도서관,경상남도,밀양시,221,59437
하동도서관,경상남도,하동군,280,83895
함안도서관,경상남도,함안군,213,77785
함양도서관,경상남도,함양군,197,93760
합천도서관,경상남도,합천군,267,76351
광진정보도서관,서울특별시,광진구,1295,237257
중곡문화체육센터도서관,서울특별시,광진구,259,73824
자양제4동도서관,서울특별시,광진구,98,26947
구의제3동도서관,서울특별시,광진구,64,25064
중곡1동새마을작은도서관,서울특별시,광진구,12,10619
중곡2동새마을작은도서관,서울특별시,광진구,10,5687
중곡3동새마을작은도서관,서울특별시,광진구,30,4335
중곡4동새마을작은도서관,서울특별시,광진구,25,5280
능동새마을작은도서관,서울특별시,광진구,10,7368
구의1동새마을작은도서관,서울특별시,광진구,8,5738
구의2동새마을작은도서관,서울특별시,광진구,16,5980
광장동새마을작은도서관,서울특별시,광진구,15,4641
자양1동새마을작은도서관,서울특별시,광진구,6,6413
자양2동새마을작은도서관,서울특별시,광진구,17,9626
자양3동새마을작은도서관,서울특별시,광진구,20,8405
자양4동새마을작은도서관,서울특별시,광진구,12,4345
화양동새마을작은도서관,서울특별시,광진구,10,9031
군자동새마을작은도서관,서울특별시,광진구,10,5646
자양전통시장작은도서관,서울특별시,광진구,20,1425
날마다자라는나무,서울특별시,광진구,12,11200
새빛작은도서관,서울특별시,광진구,30,8823
예드림문고,서울특별시,광진구,50,8250
평강마을도서관,서울특별시,광진구,50,5317
푸른꿈도서관,서울특별시,광진구,20,1700
광장현대파크빌도서관,서울특별시,광진구,17,2921
중곡교회작은도서관,서울특별시,광진구,12,2628
아름드리작은도서관,서울특별시,광진구,20,6410
어린이도서관주영심나무,서울특별시,광진구,50,3000
아차산아래작은도서관놀자,서울특별시,광진구,35,7182
하람도서관,서울특별시,광진구,12,2000
운룡도서관,서울특별시,광진구,18,15000
더바움지식문화작은도서관,서울특별시,광진구,12,3311
성신비전스쿨도서관,서울특별시,광진구,20,3431
이룸도서관,서울특별시,광진구,8,3000
배움의기쁨작은도서관,서울특별시,광진구,50,1230
사람아이앤지작은도서관,서울특별시,광진구,40,4800
샘터작은도서관,서울특별시,광진구,25,10306
AB돌봄카페,서울특별시,광진구,6,1300
기장도서관,부산광역시,기장군,524,171572
정관도서관,부산광역시,기장군,637,145516
정관어린이도서관,부산광역시,기장군,90,38708
기장디지털도서관,부산광역시,기장군,20,17847
대라다목적도서관,부산광역시,기장군,218,29278
충청남도학생교육문화원,충청남도,천안시 동남구,543,140039
충청남도평생교육원,충청남도,천안시 동남구,1319,166084
충청남도남부평생학습관,충청남도,논산시,972,129301
충남서부평생학습관,충청남도,서산시,1113,170347
천안성환도서관,충청남도,천안시 서북구,366,104879
공주도서관,충청남도,공주시,230,108526
공주유구도서관,충청남도,공주시,184,77080
보령도서관,충청남도,보령시,300,98361
보령웅천도서관,충청남도,보령시,170,77611
아산도서관,충청남도,아산시,400,103250
서산해미도서관,충청남도,서산시,200,73621
당진도서관,충청남도,당진시,360,90154
금산도서관,충청남도,금산군,316,95657
부여도서관,충청남도,부여군,339,110922
서천도서관,충청남도,서천군,139,84819
청양도서관,충청남도,청양군,453,95388
홍성도서관,충청남도,홍성군,516,84249
예산도서관,충청남도,예산군,309,93190
태안도서관,충청남도,태안군,330,110306
내가도서관,인천광역시,강화군,60,13147
강화도서관,인천광역시,강화군,241,66108
중앙도서관,충청남도,천안시,200,202772
쌍용도서관,충청남도,천안시,404,161009
성거도서관,충청남도,천안시,160,93639
아우내도서관,충청남도,천안시,37,63948
도솔도서관,충청남도,천안시,180,94267
두정도서관,충청남도,천안시,362,141788
신방도서관,충청남도,천안시,270,97485
청수도서관,충청남도,천안시,780,43329
원성2동작은도서관,충청남도,천안시,12,13955
중앙동작은도서관,충청남도,천안시,40,10125
일봉동작은도서관,충청남도,천안시,6,11010
성남면작은도서관,충청남도,천안시,8,10280
풍세면작은도서관,충청남도,천안시,12,9848
문성동작은도서관,충청남도,천안시,12,11014
입장면작은도서관,충청남도,천안시,12,9814
직산읍작은도서관,충청남도,천안시,20,17129
성환읍작은도서관,충청남도,천안시,24,13852
광덕작은도서관,충청남도,천안시,24,4797
신안동작은도서관,충청남도,천안시,13,6791
천안축구센터작은도서관,충청남도,천안시,18,7792
성정1동작은도서관,충청남도,천안시,18,9777
목천느티나무작은도서관,충청남도,천안시,40,3967
북면바로내작은도서관,충청남도,천안시,26,4581
매포공공도서관,충청북도,단양군,118,50741
다누리도서관,충청북도,단양군,87,86587
칠곡군립도서관,경상북도,칠곡군,400,70465
북삼도서관,경상북도,칠곡군,240,60353
석적도서관,경상북도,칠곡군,130,59102
동명작은도서관,경상북도,칠곡군,78,6941
약목작은도서관,경상북도,칠곡군,85,4942
의성군립도서관,경상북도,의성군,253,53221
성북정보도서관,서울특별시,성북구,480,171379
아리랑도서관,서울특별시,성북구,274,138344
해오름도서관,서울특별시,성북구,70,37621
종암동새날도서관,서울특별시,성북구,110,36595
서경로꿈마루도서관,서울특별시,성북구,30,8759
석관동미리내도서관,서울특별시,성북구,89,30270
달빛마루도서관,서울특별시,성북구,130,47054
정릉도서관,서울특별시,성북구,81,25178
청수도서관,서울특별시,성북구,95,29826
아리랑어린이도서관,서울특별시,성북구,110,31679
이음도서관,서울특별시,성북구,30,2496
월곡꿈그림도서관,서울특별시,성북구,82,13521
관악문화관도서관,서울특별시,관악구,547,191107
글빛정보도서관,서울특별시,관악구,134,65019
성현동작은도서관,서울특별시,관악구,60,49042
은천동작은도서관,서울특별시,관악구,89,42456
조원작은도서관,서울특별시,관악구,210,56319
봉현작은도서관,서울특별시,관악구,35,12544
청룡작은도서관,서울특별시,관악구,25,11076
삼성작은도서관,서울특별시,관악구,30,10922
숲속작은도서관,서울특별시,관악구,20,3070
책이랑놀이랑,서울특별시,관악구,35,12394
책쉼터,서울특별시,관악구,20,3723
신림청소년독서실,서울특별시,관악구,74,8736
관악산 詩도서관,서울특별시,관악구,14,5738
낙성대공원도서관,서울특별시,관악구,28,5978
하난곡작은도서관,서울특별시,관악구,38,12414
용꿈꾸는 작은도서관,서울특별시,관악구,57,19420
도림천에서 용나는 작은도서관,서울특별시,관악구,12,5414
꿈나무 영유아도서관,서울특별시,관악구,50,6428
보라매동 다사랑작은도서관,서울특별시,관악구,15,7006
은천동 한울작은도서관,서울특별시,관악구,20,15241
인헌동 보물섬 작은도서관,서울특별시,관악구,24,18312
난곡동 책사랑 작은도서관,서울특별시,관악구,16,7765
난향동 뜰안에작은도서관,서울특별시,관악구,22,9810
남현동 우리작은도서관,서울특별시,관악구,60,13543
신림동 굴렁쇠작은도서관,서울특별시,관악구,12,7016
서림동 글사랑작은도서관,서울특별시,관악구,20,7406
신원동 울타리작은도서관,서울특별시,관악구,20,6940
신사동 해오름작은도서관,서울특별시,관악구,20,8529
서원동 어울작은도서관,서울특별시,관악구,20,6112
대학동 녹두작은도서관,서울특별시,관악구,20,4406
성현동 파랑새작은도서관,서울특별시,관악구,50,10623
중앙동 새싹작은도서관,서울특별시,관악구,40,5230
청림동 푸른숲작은도서관,서울특별시,관악구,20,7388
행운동 마루작은도서관,서울특별시,관악구,20,5738
청룡동 숯고을작은도서관,서울특별시,관악구,20,9520
낙성동 우듬지작은도서관,서울특별시,관악구,20,6555
미성동 책의향기작은도서관,서울특별시,관악구,20,7480
삼성동 샛별작은도서관,서울특별시,관악구,10,7106
서울대입구역 U-도서관,서울특별시,관악구,0,144
신대방역 U-도서관,서울특별시,관악구,0,48
봉천역 U-도서관,서울특별시,관악구,0,112
낙성대역 U-도서관,서울특별시,관악구,0,112
신림역 U-도서관,서울특별시,관악구,0,112
꿈사다리 도서관,부산광역시,서구,20,5500
닥밭골 작은 도서관,부산광역시,서구,40,5781
동서남-BOOK 작은도서관,부산광역시,서구,25,6880
부민작은도서관,부산광역시,서구,30,9163
부산기독교 종합사회복지관 강유두작은도서관,부산광역시,서구,10,3821
샤롯데 작은도서관,부산광역시,서구,20,2100
서구문화원작은도서관,부산광역시,서구,31,8965
송도바다 작은도서관,부산광역시,서구,20,6400
송도제일교회문고,부산광역시,서구,45,5000
어울림 작은도서관,부산광역시,서구,26,5477
짬짬이 작은도서관,부산광역시,서구,20,2932
초장동꿈터작은도서관,부산광역시,서구,50,14101
포도나무 도서관,부산광역시,서구,50,2000
한새마을 작은도서관,부산광역시,서구,52,4082
향기나는 작은도서관,부산광역시,서구,18,3851
꽃마을 작은도서관,부산광역시,서구,30,4234
남일이네 작은도서관,부산광역시,서구,25,5460
달서구립도원도서관,대구광역시,달서구,246,98514
달서어린이도서관,대구광역시,달서구,186,87159
달서구립성서도서관,대구광역시,달서구,301,92451
달서구립본리도서관,대구광역시,달서구,310,81809
달서구립달서가족문화도서관,대구광역시,달서구,306,53758
행정정보 문고센터,대구광역시,달서구,15,19522
죽전동 공립작은도서관,대구광역시,달서구,12,8102
웃는얼굴아트센터 도서실,대구광역시,달서구,53,21567
이곡2동 공립작은도서관,대구광역시,달서구,30,28100
용산1동 공립작은도서관,대구광역시,달서구,12,22762
장기동 공립작은도서관,대구광역시,달서구,10,20683
학산작은도서관,대구광역시,달서구,30,7087
여명주민도서실,대구광역시,달서구,20,3701
문화사랑도서관,대구광역시,달서구,30,14485
소망의친구들도서관,대구광역시,달서구,12,8105
그루터기어린이도서관,대구광역시,달서구,80,12334
동한문화센터문고,대구광역시,달서구,16,3508
유천포스코더샵마을문고,대구광역시,달서구,36,10500
월성코오롱하늘채2단지문고,대구광역시,달서구,30,8156
하늘채1단지도서관,대구광역시,달서구,56,16406
대곡역파크드림도서관,대구광역시,달서구,50,12229
성당하늘채도서관,대구광역시,달서구,36,10115
화성파크리젠시글길도서관,대구광역시,달서구,18,5070
성당포스코더샵도서관,대구광역시,달서구,21,10533
상인역e-편한세상 마을문고,대구광역시,달서구,25,4215
월성푸르지오책마루도서관,대구광역시,달서구,60,16179
월성월드메르디앙도서관,대구광역시,달서구,50,11000
월배힐스테이트도서관,대구광역시,달서구,40,10500
꿈에그린작은도서관,대구광역시,달서구,24,2392
삼성명가타운작은도서관,대구광역시,달서구,80,8700
월성도서관,대구광역시,달서구,20,2500
하늘향기충성가족도서관,대구광역시,달서구,55,5659
이레도서관,대구광역시,달서구,12,3550
캐슬도서관,대구광역시,달서구,16,2537
예가도서관,대구광역시,달서구,24,8170
두산미소도서관,대구광역시,달서구,12,7937
새하늘작은도서관,대구광역시,달서구,24,2484
책으로 꿈꾸는 작은도서관,대구광역시,달서구,12,4235
월성e편한세상작은도서관,대구광역시,달서구,16,6898
감삼영어도서관,대구광역시,달서구,50,4500
작은빛도서관,대구광역시,달서구,20,2500
작은숲도서관,대구광역시,달서구,30,8124
옷박골작은도서관,대구광역시,달서구,20,1667
e편한세상월배작은도서관,대구광역시,달서구,12,1800
레이크뷰행복작은도서관,대구광역시,달서구,22,5800
마중물작은도서관,대구광역시,달서구,36,1300
하브루타작은도서관,대구광역시,달서구,12,1500
서한도서관,대구광역시,달서구,24,1096
월배아이파크1차아이빛도서관,대구광역시,달서구,16,3900
꿈꾸는도서관in휴포레,대구광역시,달서구,30,2500
아이솔작은도서관,대구광역시,달서구,64,1546
달서다문화가족도서관,대구광역시,달서구,10,7000
드림작은도서관,대구광역시,달서구,30,1500
숲속도서관,대구광역시,달서구,40,1250
완산도서관,전라북도,전주시,586,293452
삼천도서관,전라북도,전주시,360,97918
서신도서관,전라북도,전주시,442,112550
평화도서관,전라북도,전주시,248,72125
효자도서관,전라북도,전주시,263,44785
송천도서관,전라북도,전주시,307,98529
금암도서관,전라북도,전주시,420,155336
인후도서관,전라북도,전주시,392,91221
아중도서관,전라북도,전주시,129,72442
쪽구름도서관,전라북도,전주시,105,51474
건지도서관,전라북도,전주시,115,43313
간납대작은도서관,전라북도,전주시,10,3825
건지산숲속작은도서관,전라북도,전주시,25,3070
글마당작은도서관,전라북도,전주시,20,6932
금호작은도서관,전라북도,전주시,24,7299
꿈드리작은도서관,전라북도,전주시,8,9528
꿈밭장애인작은도서관,전라북도,전주시,30,5258
꿈이있는나무작은도서관,전라북도,전주시,20,11465
노송작은도서관,전라북도,전주시,16,11679
덕진품애작은도서관,전라북도,전주시,34,5639
맑은누리작은도서관,전라북도,전주시,14,7180
명주골작은도서관,전라북도,전주시,40,4321
모롱지작은도서관,전라북도,전주시,66,13246
무지개작은도서관,전라북도,전주시,10,10649
열린점자작은도서관,전라북도,전주시,18,7936
우아문화의집 작은도서관,전라북도,전주시,40,5807
인후문화의집 작은도서관,전라북도,전주시,30,7810
인후비전작은도서관,전라북도,전주시,40,13221
전주작은도서관,전라북도,전주시,11,11752
중산작은도서관,전라북도,전주시,35,9156
책마루작은도서관,전라북도,전주시,100,32567
청아나루작은도서관,전라북도,전주시,25,9341
초록우산작은도서관,전라북도,전주시,24,12221
큰나루작은도서관,전라북도,전주시,30,9694
팔복작은도서관,전라북도,전주시,74,12465
평화꿈틀 작은도서관,전라북도,전주시,50,10196
행복나눔 작은도서관,전라북도,전주시,32,9334
호성작은도서관,전라북도,전주시,24,12107
효사랑푸른꿈작은도서관,전라북도,전주시,24,8503
중앙도서관,경기도,양평군,280,175356
어린이도서관,경기도,양평군,475,72988
양서친환경도서관,경기도,양평군,293,80319
용문도서관,경기도,양평군,302,92855
지평도서관,경기도,양평군,162,38050
양동도서관,경기도,양평군,200,42789
강상작은도서관,경기도,양평군,30,7332
강하작은도서관,경기도,양평군,48,10774
고읍내작은도서관,경기도,양평군,66,6128
서종작은도서관,경기도,양평군,36,19759
청운작은도서관,경기도,양평군,20,5488
개군작은도서관,경기도,양평군,47,4471
영덕공공도서관,경상북도,영덕군,350,70875
예주작은도서관,경상북도,영덕군,28,13500
금호작은도서관,경상북도,영덕군,10,5000
해맑은작은도서관,경상북도,영덕군,10,1300
예주고을작은도서관,경상북도,영덕군,20,2428
영광공공도서관,전라남도,영광군,510,78648
영광군립도서관,전라남도,영광군,203,81386
중앙도서관,경기도,파주시,986,315567
금촌도서관,경기도,파주시,98,65688
문산도서관,경기도,파주시,227,87822
법원도서관,경기도,파주시,158,71646
적성도서관,경기도,파주시,86,44742
행복어린이도서관,경기도,파주시,80,28988
교하도서관,경기도,파주시,573,162854
해솔도서관,경기도,파주시,198,65776
한빛도서관,경기도,파주시,320,67301
가람도서관,경기도,파주시,136,39059
조리도서관,경기도,파주시,92,33414
솔빛도서관,경기도,파주시,131,42051
물푸레도서관,경기도,파주시,125,36499
탄현도서관,경기도,파주시,50,11691
영랑작은도서관,강원도,속초시,15,6925
풀이음작은도서관,강원도,속초시,48,8452
속초시립도서관,강원도,속초시,203,38779
로뎀나무 작은도서관,광주광역시,서구,60,3000
작은도서관 두럭,광주광역시,서구,35,3600
쉼북카페 도서관,광주광역시,서구,30,5000
아이숲어린이도서관,광주광역시,서구,30,1530
지혜의샘,광주광역시,서구,40,6500
풍암전원작은도서관,광주광역시,서구,10,1320
작은도서관 꿈터,광주광역시,서구,10,7000
무등작은도서관,광주광역시,서구,45,6500
중앙나누리 작은도서관,광주광역시,서구,60,4392
화정문고,광주광역시,서구,25,5000
지혜의샘터,광주광역시,서구,20,2300
광주광역시청소년문화의집미소책방,광주광역시,서구,30,8000
월광교회 작은도서관,광주광역시,서구,47,26747
오색종이 신나는 작은도서관,광주광역시,서구,12,2500
교육과희망 작은도서관,광주광역시,서구,15,3000
서구공공도서관,광주광역시,서구,440,57544
서구어린이생태도서관,광주광역시,서구,150,43907
상록도서관,광주광역시,서구,238,43478
광주학생독립,광주광역시,서구,1411,206269
광주학생,광주광역시,서구,696,194139
금호2동작은도서관,광주광역시,서구,60,12000
동천동작은도서관,광주광역시,서구,40,6387
양동작은도서관,광주광역시,서구,30,7202
화정4동작은도서관,광주광역시,서구,20,11638
꿈빛도서관,광주광역시,서구,21,9500
마을도서관 다락,광주광역시,서구,30,3500
해돋는작은도서관,광주광역시,서구,50,1950
쉼터작은도서관,광주광역시,서구,25,1230
고맙습니다 아리솔작은도서관,광주광역시,서구,60,8347
송촌파인힐작은도서관,광주광역시,서구,24,5085
책사랑 작은도서관,광주광역시,서구,30,4511
대주파크빌 작은도서관,광주광역시,서구,72,6000
소꿉놀이작은도서관,광주광역시,서구,20,9150
내방마루작은도서관,광주광역시,서구,6,4098
건강한 도서관,광주광역시,서구,20,10000
예일작은도서관,광주광역시,서구,12,6000
서문작은도서관,광주광역시,서구,10,5000
열린작은도서관,광주광역시,서구,30,5589
강아지똥어린이도서관,광주광역시,서구,20,5827
동천마을6단지작은도서관,광주광역시,서구,20,2584
작은도서관 동천마을 두잇공동체,광주광역시,서구,15,1200
여성친화 휴(休) 도서관,광주광역시,서구,36,2532
호반베르디움 작은도서관,광주광역시,서구,20,4000
서광작은도서관,광주광역시,서구,50,3369
책마을작은도서관,광주광역시,서구,10,1500
우리들의 쉼터 작은도서관,광주광역시,서구,20,20000
책더하기사랑작은도서관,광주광역시,서구,12,17000
푸른빛작은도서관,광주광역시,서구,20,3600
행복도서관,광주광역시,서구,20,6461
광천사랑숲작은도서관,광주광역시,서구,65,9200
꿈일굼터 작은도서관,광주광역시,서구,36,4471
상무작은도서관,광주광역시,서구,15,20000
신천힐탑작은도서관,광주광역시,서구,30,3000
운천골 작은도서관,광주광역시,서구,50,5000
브니엘작은도서관,광주광역시,서구,12,4164
글마루작은도서관,광주광역시,서구,20,1000
나눔새마을작은도서관,광주광역시,서구,20,1092
양동문고,광주광역시,서구,21,3700
광주천사계작은도서관,광주광역시,서구,29,20000
기아꿈터어린이도서관,광주광역시,서구,50,5500
버들도서관,광주광역시,서구,24,5626
상무버들1단지 작은도서관,광주광역시,서구,23,2000
광주제일교회도서관,광주광역시,서구,84,10300
발도르프희망작은도서관,광주광역시,서구,8,2500
보나담 금호대우 작은도서관,광주광역시,서구,7,4460
좋은씨앗작은도서관,광주광역시,서구,30,2416
신동아 아파트 작은도서관,광주광역시,서구,6,2000
아이꿈어린이도서관,광주광역시,서구,10,12000
지혜의쉼터작은도서관,광주광역시,서구,60,9000
움터작은도서관,광주광역시,서구,70,3100
엘림작은도서관,광주광역시,서구,16,1000
풍암호수작은도서관,광주광역시,서구,30,1944
서창한옥작은도서관,광주광역시,서구,38,1500
사과나무작은도서관,광주광역시,서구,20,1967
작은도서관 봄,광주광역시,서구,20,2172
에바다작은도서관,광주광역시,서구,10,3000
다독다독작은도서관,광주광역시,서구,80,5800
충주시립도서관,충청북도,충주시,517,389826
충현도서관,경기도,광명시,223,69591
하안도서관,경기도,광명시,806,315548
철산도서관,경기도,광명시,647,142764
소하도서관,경기도,광명시,388,31840
광명도서관,경기도,광명시,1276,197147
평생학습주제전문도서관,경기도,광명시,27,4632
전남도립도서관,전라남도,전라남도,543,223884
금정도서관,부산광역시,금정구,1168,233658
경기의정부교육도서관,경기도,의정부시,271,121445
홍파랑 북카페,서울특별시,종로구,10,6533
혜화마을 북카페,서울특별시,종로구,16,5473
통인어린이작은도서관,서울특별시,종로구,50,14425
창이 작은도서관,서울특별시,종로구,22,6166
지혜만들기 작은도서관,서울특별시,종로구,16,6568
이화마을 작은도서관,서울특별시,종로구,30,7989
숭인마루 작은도서관,서울특별시,종로구,18,5487
무악다솜방 작은도서관,서울특별시,종로구,30,5610
꿈꾸는 평창동 작은도서관,서울특별시,종로구,13,6113
청운효자동 북카페,서울특별시,종로구,37,6555
도담도담한옥도서관,서울특별시,종로구,30,5814
작은도서관 삼봉서랑,서울특별시,종로구,50,13870
삼청숲속 작은도서관,서울특별시,종로구,40,7933
청운문학도서관,서울특별시,종로구,115,21985
아름꿈도서관,서울특별시,종로구,97,21324
우리소리도서관,서울특별시,종로구,45,3188
어린이청소년국학도서관,서울특별시,종로구,80,3880
대구광역시립중앙도서관,대구광역시,중구,1729,525417
대구광역시립동부도서관,대구광역시,동구,1566,304741
대구광역시립남부도서관,대구광역시,남구,1438,316188
대구광역시립서부도서관,대구광역시,서구,1439,298734
대구2.28기념학생도서관,대구광역시,동구,847,245223
대구광역시립수성도서관,대구광역시,수성구,1031,283392
대구광역시립북부도서관,대구광역시,북구,820,263980
대구광역시립두류도서관,대구광역시,달서구,639,277932
대구광역시립달성도서관,대구광역시,달성군,275,133628
연제도서관,부산광역시,연제구,192,83303
배산작은도서관,부산광역시,연제구,35,14937
거제2동새마을문고작은도서관,부산광역시,연제구,25,16702
밤골작은도서관,부산광역시,연제구,33,12865
해뜰작은도서관,부산광역시,연제구,33,19703
구례군매천도서관,전라남도,구례군,114,36215
경기중앙교육도서관,경기도,수원시,376,253612
우정혁신LH2차책사랑,울산광역시,중구,12,1300
책나무그늘도서관,울산광역시,중구,6,1098
해송작은도서관,울산광역시,중구,15,2519
에뜰3차아름도서관,울산광역시,중구,20,1215
우정아이파크작은도서관,울산광역시,중구,42,2000
솔로몬도서관,울산광역시,중구,18,1300
단장골북카페,울산광역시,중구,20,5527
신월도서관,울산광역시,중구,12,4348
다난작은도서관,울산광역시,중구,10,2727
우암작은도서관,울산광역시,중구,35,3334
학성작은도서관,울산광역시,중구,16,4027
세린작은도서관,울산광역시,중구,120,28278
꿈틀꿈틀작은도서관,울산광역시,중구,30,2700
유곡푸르지오책마루도서관,울산광역시,중구,32,3891
책의숲,울산광역시,중구,20,5688
페다고지,울산광역시,중구,30,3031
어깨동무도서관,울산광역시,중구,10,3600
작은도서관 책마을,울산광역시,중구,50,14340
에일린의뜰문고,울산광역시,중구,20,2700
남외푸르지오문고,울산광역시,중구,20,6853
꿈나무어린이문고,울산광역시,중구,20,1500
옥골샘도서관,울산광역시,중구,25,8510
태화루도서관,울산광역시,중구,33,9480
함월도서관,울산광역시,중구,71,13705
약숫골도서관,울산광역시,중구,191,22901
옥산도서관,충청북도,청주시,54,62906
신율봉도서관,충청북도,청주시,121,69715
시립도서관,충청북도,청주시,662,257212
상당도서관,충청북도,청주시,330,120378
청원도서관,충청북도,청주시,392,135756
오창호수도서관,충청북도,청주시,430,106254
오창도서관,충청북도,청주시,148,90123
오송도서관,충청북도,청주시,375,93779
서원도서관,충청북도,청주시,346,107303
흥덕도서관,충청북도,청주시,231,121383
강내도서관,충청북도,청주시,127,79080
충주시립도서관,충청북도,충주시,517,389826
제천시립도서관,충청북도,충청북도 제천시,156,277703
의병도서관,충청북도,충청북도 제천시,10,15141
제천여성도서관,충청북도,충청북도 제천시,144,68960
봉양도서관,충청북도,충청북도 제천시,48,57239
기적의도서관,충청북도,충청북도 제천시,180,101991
옥천군민도서관,충청북도,옥천군,102,59755
레인보우영동도서관,충청북도,영동군,104,41417
증평군립도서관,충청북도,증평군,601,56931
진천군립도서관,충청북도,진천군,372,72627
진천군립광혜원도서관,충청북도,진천군,100,50258
생거진천혁신도시도서관,충청북도,진천군,120,23164
음성도서관,충청북도,음성군,255,53662
금왕도서관,충청북도,음성군,170,58900
대소도서관,충청북도,음성군,100,39000
감곡도서관,충청북도,음성군,160,30362
매포공공도서관,충청북도,단양군,118,50741
다누리도서관,충청북도,단양군,87,86587
경기성남교육도서관,경기도,성남시,570,290363
시립중앙도서관,강원도,원주시,965,322544
태장도서관,강원도,원주시,67,28123
중천철학도서관,강원도,원주시,60,29282
책마실도서관,대구광역시,북구,30,10277
칠곡그린빌4단지 도서실,대구광역시,북구,24,4877
칠성휴먼시아 작은도서관,대구광역시,북구,15,5000
침산 코오롱 하늘채 2단지 작은도서관,대구광역시,북구,26,6754
하람어린이도서관,대구광역시,북구,30,3850
향기가 있는 열린공간 부엉이,대구광역시,북구,26,9200
화성그랜드파크 도서관 함지원,대구광역시,북구,10,2300
화성센트럴파크 도서관,대구광역시,북구,22,8636
매화도서관,대구광역시,북구,10,6000
메르디앙작은도서관,대구광역시,북구,20,4300
무지개작은도서관,대구광역시,북구,52,5000
복현푸르지오작은도서관,대구광역시,북구,16,1120
성광우방타운 주민도서실,대구광역시,북구,24,4800
아름다운작은도서관,대구광역시,북구,15,2500
은광작은도서관,대구광역시,북구,10,1600
작은도서관 수인제,대구광역시,북구,10,2500
작은인문학도서관 고인돌,대구광역시,북구,30,2047
대현이편한세상도서관,대구광역시,북구,45,8800
구수산도서관,대구광역시,북구,544,111209
대현도서관,대구광역시,북구,190,23724
태전도서관,대구광역시,북구,160,18712
더불어숲 도서관,대구광역시,북구,75,32460
꿈꾸는 마을도서관 도토리,대구광역시,북구,75,15170
사립공공 연암,대구광역시,북구,79,8717
고성동 작은도서관,대구광역시,북구,40,4665
노원동 작은도서관,대구광역시,북구,20,2967
산격1동 작은도서관,대구광역시,북구,30,3607
태전1동 작은도서관,대구광역시,북구,36,8398
침산1동 작은도서관,대구광역시,북구,39,4192
서변동 작은도서관,대구광역시,북구,40,5051
노원행복도서관,대구광역시,북구,20,1003
한강공원부키도서관,대구광역시,북구,10,2448
북구 어린이 도서관,대구광역시,북구,30,13020
U대회선수촌2단지 도서관,대구광역시,북구,50,8193
겨자씨도서관,대구광역시,북구,20,3800
그나라어린이도서관,대구광역시,북구,14,1200
글벗작은도서관,대구광역시,북구,60,10000
꿈가득 작은도서관,대구광역시,북구,22,2661
꿈꾸는도서관,대구광역시,북구,40,4066
꿈꾸는작은도서관,대구광역시,북구,24,1200
꿈이 있는 도서관,대구광역시,북구,20,4500
대현 휴 도서관,대구광역시,북구,35,4900
대현뜨란채도서관,대구광역시,북구,15,4900
잼나는작은도서관,대구광역시,북구,50,5500
세움작은도서관,대구광역시,북구,8,1200
천년나무작은도서관,대구광역시,북구,15,1000
모퉁이작은도서관,대구광역시,북구,12,15000
협성휴포레강북작은도서관,대구광역시,북구,12,1015
하늘샘작은도서관,대구광역시,북구,50,2000
이편한세상대구금호작은도서관,대구광역시,북구,39,1002
앤드도서관,대구광역시,북구,12,1200
김천시립도서관,경상북도,김천시,781,225452
푸름찬작은도서관,경상북도,김천시,23,12483
꿈앤들작은도서관,경상북도,김천시,12,11863
달봉산작은도서관,경상북도,김천시,28,14400
김산고을작은도서관,경상북도,김천시,31,16730
보랏빛꿈작은도서관,경상북도,김천시,16,14735
삼산이수작은도서관,경상북도,김천시,33,15705
고래실작은도서관,경상북도,김천시,14,12515
자두꽃작은도서관,경상북도,김천시,25,13082
큰숲작은도서관,경상북도,김천시,32,11687
드림밸리작은도서관,경상북도,김천시,63,18652
여주도서관,경기도,여주시,309,120191
세종도서관,경기도,여주시,177,164588
점동도서관,경기도,여주시,121,20987
산북작은도서관,경기도,여주시,72,17384
북내작은도서관,경기도,여주시,89,16996
고동람 작은도서관,경상북도,상주시,33,7479
공갈못 꿈꾸는 작은 도서관,경상북도,상주시,30,1209
모동 작은도서관,경상북도,상주시,50,1618
외서면 작은도서관,경상북도,상주시,30,1493
중앙도서관,경기도,안산시,526,306229
안산미디어라이브러리,경기도,안산시,0,23507
사이동꿈을키우는 작은도서관,경기도,안산시,36,11268
신길샛별 작은도서관,경기도,안산시,21,15331
석수골 작은도서관,경기도,안산시,25,15071
모두어린이 작은도서관,경기도,안산시,50,13306
안산다문화 작은도서관,경기도,안산시,29,12648
감골도서관,경기도,안산시,680,182046
성포도서관,경기도,안산시,530,157114
상록어린이도서관,경기도,안산시,441,122054
부곡도서관,경기도,안산시,86,24740
본오도서관,경기도,안산시,104,26677
반월도서관,경기도,안산시,276,27388
수암도서관,경기도,안산시,133,21054
본오3동만화작은도서관,경기도,안산시,26,16038
해양동작은도서관,경기도,안산시,26,8081
일동도서관,경기도,안산시,144,26016
본오1동 작은도서관,경기도,안산시,63,29325
안산평생학습관 작은도서관,경기도,안산시,15,10400
관산도서관,경기도,단원구,856,210320
단원어린이도서관,경기도,단원구,250,123923
선부도서관,경기도,단원구,262,42665
대부도서관,경기도,단원구,173,35898
원고잔도서관,경기도,단원구,148,33676
달미작은도서관,경기도,단원구,80,14072
당곡작은도서관,경기도,단원구,100,21572
와동책읽는방작은도서관,경기도,단원구,36,1966
선녀마을작은도서관,경기도,단원구,36,8916
근로복지작은도서관,경기도,단원구,51,20836
와동별빛누리작은도서관,경기도,단원구,50,13311
구미시립중앙도서관,경상북도,구미시,1366,345046
구미시립상모정수도서관,경상북도,구미시,640,85270
구미시립인동도서관,경상북도,구미시,1019,181089
구미시립봉곡도서관,경상북도,구미시,724,131514
구미시립선산도서관,경상북도,구미시,422,133599
구미시립원평으뜸도서관,경상북도,구미시,25,7064
구미시립해평누리도서관,경상북도,구미시,26,5467
송도2동작은도서관,인천광역시,연수구,60,14794
해돋이도서관,인천광역시,연수구,200,35735
연수1동작은도서관,인천광역시,연수구,60,5863
연수청학도서관,인천광역시,연수구,400,86433
연수어린이도서관,인천광역시,연수구,500,70397
송도국제어린이도서관,인천광역시,연수구,200,70161
옥련1동작은도서관,인천광역시,연수구,34,16480
옥련2동어린이작은도서관,인천광역시,연수구,100,37631
연수2동작은도서관,인천광역시,연수구,60,14130
송도3동작은도서관,인천광역시,연수구,30,7263
선학별빛도서관,인천광역시,연수구,200,25896
영산도서관,경상남도,창녕군,181,42496
포천시립중앙도서관,경기도,포천시,326,88418
포천시립소흘도서관,경기도,포천시,185,70131
포천시립가산도서관,경기도,포천시,54,27386
포천시립일동도서관,경기도,포천시,260,74361
포천시립영중꿈나무도서관,경기도,포천시,0,31472
포천시립영북도서관,경기도,포천시,38,24624
함평군립도서관,전라남도,함평군,68,25273
손불 작은도서관,전라남도,함평군,14,1350
대동 사랑방문고,전라남도,함평군,30,6538
학교면 작은도서관,전라남도,함평군,13,1484
해보 작은도서관,전라남도,함평군,18,8229
월야 작은도서관,전라남도,함평군,18,4404
통영시립도서관,경상남도,통영시,171,72483
통영시립충무도서관,경상남도,통영시,169,54215
통영시립산양도서관,경상남도,통영시,163,82044
통영시립욕지도서관,경상남도,통영시,52,46318
송곡도서관,충청남도,아산시,153,91911
배방도서관,충청남도,아산시,216,103896
둔포도서관,충청남도,아산시,89,97837
남산도서관,충청남도,아산시,166,50867
어린이도서관,충청남도,아산시,0,87100
탕정온샘도서관,충청남도,아산시,437,38548
문경시립중앙도서관,경상북도,문경시,657,103915
문경시립문희도서관,경상북도,문경시,229,65386
문경시립모전도서관,경상북도,문경시,231,69985
동로작은도서관,경상북도,문경시,16,3677
안동시립도서관,경상북도,안동시,346,108503
강남어린이도서관,경상북도,안동시,46,35889
공주시시립도서관(웅진관),충청남도,공주시,545,158167
공주시시립도서관(강북관),충청남도,공주시,390,144190
마포중앙도서관,서울특별시,마포구,620,106902
마포구립하늘도서관,서울특별시,마포구,130,35756
마포구립서강도서관,서울특별시,마포구,153,67778
마포어린이영어도서관,서울특별시,마포구,20,19422
꿈나래어린이영어도서관,서울특별시,마포구,40,17928
꿈을이루는작은도서관,서울특별시,마포구,20,18096
아름드리작은도서관,서울특별시,마포구,20,18536
해오름작은도서관,서울특별시,마포구,32,15634
성메작은도서관,서울특별시,마포구,20,18445
성산글마루작은도서관,서울특별시,마포구,20,15679
늘푸른소나무작은도서관,서울특별시,마포구,20,18491
복사골작은도서관,서울특별시,마포구,35,14388
용강동작은도서관,서울특별시,마포구,20,13303
마포푸르메어린이도서관,서울특별시,마포구,70,9950
강릉교육문화관,강원도,강릉시,305,180444
고성교육도서관,강원도,고성군,66,69818
동해교육도서관,강원도,동해시,299,111947
명주교육도서관,강원도,강릉시,300,106700
문막교육도서관,강원도,원주시,84,88533
삼척교육문화관,강원도,삼척시,215,158146
속초교육도서관,강원도,속초시,170,90804
속초교육문화관,강원도,속초시,298,150652
양구교육도서관,강원도,양구군,588,97882
양양교육도서관,강원도,양양군,118,83720
영월교육도서관,강원도,영월군,96,89743
원주교육문화관,강원도,원주시,807,232154
인제교육도서관,강원도,인제군,138,88513
정선교육도서관,강원도,정선군,108,97947
철원교육도서관,강원도,철원군,231,76314
춘성교육도서관,강원도,춘천시,68,60431
춘천교육문화관,강원도,춘천시,395,164608
태백교육도서관,강원도,태백시,165,91477
평창교육도서관,강원도,평창군,76,83321
홍천교육도서관,강원도,홍천군,114,109564
화천교육도서관,강원도,화천군,89,70149
횡성교육도서관,강원도,횡성군,118,87243
철마도서관,전라남도,진도군,141,37441
계룡도서관,충청남도,계룡시,414,72359
엄사도서관,충청남도,계룡시,313,61899
